代號,名稱,樣貌,屬性,弱點
1,妙蛙種子,一般,草|毒,火|飛行|冰|超能力
2,妙蛙草,一般,草|毒,火|飛行|冰|超能力
3,妙蛙花,一般,草|毒,火|飛行|冰|超能力
3,妙蛙花,超極巨化,草|毒,火|飛行|冰|超能力
3,超級妙蛙花,超級妙蛙花,草|毒,火|飛行|冰|超能力
4,小火龍,一般,火,水|岩石|地面
5,火恐龍,一般,火,水|岩石|地面
6,噴火龍,一般,火|飛行,水|電|岩石
6,噴火龍,超極巨化,火|飛行,水|電|岩石
6,超級噴火龍Ｘ,超級噴火龍Ｘ,火|龍,岩石|地面|龍
6,超級噴火龍Ｙ,超級噴火龍Ｙ,火|飛行,水|電|岩石
7,傑尼龜,一般,水,草|電
8,卡咪龜,一般,水,草|電
9,水箭龜,一般,水,草|電
9,水箭龜,超極巨化,水,草|電
9,超級水箭龜,超級水箭龜,水,草|電
10,綠毛蟲,一般,蟲,火|飛行|岩石
11,鐵甲蛹,一般,蟲,火|飛行|岩石
12,巴大蝶,一般,蟲|飛行,火|電|飛行|岩石|冰
12,巴大蝶,超極巨化,蟲|飛行,火|電|飛行|岩石|冰
13,獨角蟲,一般,蟲|毒,火|飛行|岩石|超能力
14,鐵殼蛹,一般,蟲|毒,火|飛行|岩石|超能力
15,大針蜂,一般,蟲|毒,火|飛行|岩石|超能力
15,超級大針蜂,超級大針蜂,蟲|毒,火|飛行|岩石|超能力
16,波波,一般,一般|飛行,電|岩石|冰
17,比比鳥,一般,一般|飛行,電|岩石|冰
18,大比鳥,一般,一般|飛行,電|岩石|冰
18,超級大比鳥,超級大比鳥,一般|飛行,電|岩石|冰
19,小拉達,一般,一般,格鬥
19,小拉達,阿羅拉,惡|一般,蟲|格鬥|妖精
20,拉達,一般,一般,格鬥
20,拉達,阿羅拉,惡|一般,蟲|格鬥|妖精
21,烈雀,一般,一般|飛行,電|岩石|冰
22,大嘴雀,一般,一般|飛行,電|岩石|冰
23,阿柏蛇,一般,毒,地面|超能力
24,阿柏怪,一般,毒,地面|超能力
25,皮卡丘,一般,電,地面
25,皮卡丘,超極巨化,電,地面
26,雷丘,一般,電,地面
26,雷丘,阿羅拉,電|超能力,蟲|地面|幽靈|惡
27,穿山鼠,一般,地面,草|水|冰
27,穿山鼠,阿羅拉,冰|鋼,火|地面|格鬥
28,穿山王,一般,地面,草|水|冰
28,穿山王,阿羅拉,冰|鋼,火|地面|格鬥
29,尼多蘭,一般,毒,地面|超能力
30,尼多娜,一般,毒,地面|超能力
31,尼多后,一般,毒|地面,水|地面|冰|超能力
32,尼多朗,一般,毒,地面|超能力
33,尼多力諾,一般,毒,地面|超能力
34,尼多王,一般,毒|地面,水|地面|冰|超能力
35,皮皮,一般,妖精,毒|鋼
36,皮可西,一般,妖精,毒|鋼
37,六尾,一般,火,水|岩石|地面
37,六尾,阿羅拉,冰,火|岩石|格鬥|鋼
38,九尾,一般,火,水|岩石|地面
38,九尾,阿羅拉,冰|妖精,火|岩石|毒|鋼
39,胖丁,一般,一般|妖精,毒|鋼
40,胖可丁,一般,一般|妖精,毒|鋼
41,超音蝠,一般,毒|飛行,電|岩石|冰|超能力
42,大嘴蝠,一般,毒|飛行,電|岩石|冰|超能力
43,走路草,一般,草|毒,火|飛行|冰|超能力
44,臭臭花,一般,草|毒,火|飛行|冰|超能力
45,霸王花,一般,草|毒,火|飛行|冰|超能力
46,派拉斯,一般,蟲|草,火|蟲|飛行|岩石|毒|冰
47,派拉斯特,一般,蟲|草,火|蟲|飛行|岩石|毒|冰
48,毛球,一般,蟲|毒,火|飛行|岩石|超能力
49,摩魯蛾,一般,蟲|毒,火|飛行|岩石|超能力
50,地鼠,一般,地面,草|水|冰
50,地鼠,阿羅拉,地面|鋼,火|水|地面|格鬥
51,三地鼠,一般,地面,草|水|冰
51,三地鼠,阿羅拉,地面|鋼,火|水|地面|格鬥
52,喵喵,一般,一般,格鬥
52,喵喵,伽勒爾,鋼,火|地面|格鬥
52,喵喵,超極巨化,一般,格鬥
52,喵喵,阿羅拉,惡,蟲|格鬥|妖精
53,貓老大,一般,一般,格鬥
53,貓老大,阿羅拉,惡,蟲|格鬥|妖精
54,可達鴨,一般,水,草|電
55,哥達鴨,一般,水,草|電
56,猴怪,一般,格鬥,飛行|超能力|妖精
57,火爆猴,一般,格鬥,飛行|超能力|妖精
58,卡蒂狗,一般,火,水|岩石|地面
58,卡蒂狗,洗翠,火|岩石,水|岩石|地面|格鬥
59,風速狗,一般,火,水|岩石|地面
59,風速狗,洗翠,火|岩石,水|岩石|地面|格鬥
60,蚊香蝌蚪,一般,水,草|電
61,蚊香君,一般,水,草|電
62,蚊香泳士,一般,水|格鬥,草|電|飛行|超能力|妖精
63,凱西,一般,超能力,蟲|幽靈|惡
64,勇基拉,一般,超能力,蟲|幽靈|惡
65,胡地,一般,超能力,蟲|幽靈|惡
65,超級胡地,超級胡地,超能力,蟲|幽靈|惡
66,腕力,一般,格鬥,飛行|超能力|妖精
67,豪力,一般,格鬥,飛行|超能力|妖精
68,怪力,一般,格鬥,飛行|超能力|妖精
68,怪力,超極巨化,格鬥,飛行|超能力|妖精
69,喇叭芽,一般,草|毒,火|飛行|冰|超能力
70,口呆花,一般,草|毒,火|飛行|冰|超能力
71,大食花,一般,草|毒,火|飛行|冰|超能力
72,瑪瑙水母,一般,水|毒,電|地面|超能力
73,毒刺水母,一般,水|毒,電|地面|超能力
74,小拳石,一般,岩石|地面,草|水|地面|冰|格鬥|鋼
74,小拳石,阿羅拉,岩石|電,草|水|地面|格鬥
75,隆隆石,一般,岩石|地面,草|水|地面|冰|格鬥|鋼
75,隆隆石,阿羅拉,岩石|電,草|水|地面|格鬥
76,隆隆岩,一般,岩石|地面,草|水|地面|冰|格鬥|鋼
76,隆隆岩,阿羅拉,岩石|電,草|水|地面|格鬥
77,小火馬,一般,火,水|岩石|地面
77,小火馬,伽勒爾,超能力,蟲|幽靈|惡
78,烈焰馬,一般,火,水|岩石|地面
78,烈焰馬,伽勒爾,超能力|妖精,毒|幽靈|鋼
79,呆呆獸,一般,水|超能力,草|電|蟲|幽靈|惡
79,呆呆獸,伽勒爾,超能力,蟲|幽靈|惡
80,呆殼獸,一般,水|超能力,草|電|蟲|幽靈|惡
80,呆殼獸,伽勒爾,毒|超能力,地面|幽靈|惡
80,超級呆殼獸,超級呆殼獸,水|超能力,草|電|蟲|幽靈|惡
81,小磁怪,一般,電|鋼,火|地面|格鬥
82,三合一磁怪,一般,電|鋼,火|地面|格鬥
83,大蔥鴨,一般,一般|飛行,電|岩石|冰
83,大蔥鴨,伽勒爾,格鬥,飛行|超能力|妖精
84,嘟嘟,一般,一般|飛行,電|岩石|冰
85,嘟嘟利,一般,一般|飛行,電|岩石|冰
86,小海獅,一般,水,草|電
87,白海獅,一般,水|冰,草|電|岩石|格鬥
88,臭泥,一般,毒,地面|超能力
88,臭泥,阿羅拉,毒|惡,地面
89,臭臭泥,一般,毒,地面|超能力
89,臭臭泥,阿羅拉,毒|惡,地面
90,大舌貝,一般,水,草|電
91,刺甲貝,一般,水|冰,草|電|岩石|格鬥
92,鬼斯,一般,幽靈|毒,地面|超能力|幽靈|惡
93,鬼斯通,一般,幽靈|毒,地面|超能力|幽靈|惡
94,耿鬼,一般,幽靈|毒,地面|超能力|幽靈|惡
94,耿鬼,超極巨化,幽靈|毒,地面|超能力|幽靈|惡
94,超級耿鬼,超級耿鬼,幽靈|毒,地面|超能力|幽靈|惡
95,大岩蛇,一般,岩石|地面,草|水|地面|冰|格鬥|鋼
96,催眠貘,一般,超能力,蟲|幽靈|惡
97,引夢貘人,一般,超能力,蟲|幽靈|惡
98,大鉗蟹,一般,水,草|電
99,巨鉗蟹,一般,水,草|電
99,巨鉗蟹,超極巨化,水,草|電
100,霹靂電球,一般,電,地面
100,霹靂電球,洗翠,電|草,火|蟲|毒|冰
101,頑皮雷彈,一般,電,地面
101,頑皮雷彈,洗翠,電|草,火|蟲|毒|冰
102,蛋蛋,一般,草|超能力,火|蟲|飛行|毒|冰|幽靈|惡
103,椰蛋樹,一般,草|超能力,火|蟲|飛行|毒|冰|幽靈|惡
103,椰蛋樹,阿羅拉,草|龍,蟲|飛行|毒|冰|龍|妖精
104,卡拉卡拉,一般,地面,草|水|冰
105,嘎啦嘎啦,一般,地面,草|水|冰
105,嘎啦嘎啦,阿羅拉,火|幽靈,水|岩石|地面|幽靈|惡
106,飛腿郎,一般,格鬥,飛行|超能力|妖精
107,快拳郎,一般,格鬥,飛行|超能力|妖精
108,大舌頭,一般,一般,格鬥
109,瓦斯彈,一般,毒,地面|超能力
110,雙彈瓦斯,一般,毒,地面|超能力
110,雙彈瓦斯,伽勒爾,毒|妖精,地面|超能力|鋼
111,獨角犀牛,一般,地面|岩石,草|水|地面|冰|格鬥|鋼
112,鑽角犀獸,一般,地面|岩石,草|水|地面|冰|格鬥|鋼
113,吉利蛋,一般,一般,格鬥
114,蔓藤怪,一般,草,火|蟲|飛行|毒|冰
115,袋獸,一般,一般,格鬥
115,超級袋獸,超級袋獸,一般,格鬥
116,墨海馬,一般,水,草|電
117,海刺龍,一般,水,草|電
118,角金魚,一般,水,草|電
119,金魚王,一般,水,草|電
120,海星星,一般,水,草|電
121,寶石海星,一般,水|超能力,草|電|蟲|幽靈|惡
122,魔牆人偶,一般,超能力|妖精,毒|幽靈|鋼
122,魔牆人偶,伽勒爾,冰|超能力,火|蟲|岩石|幽靈|惡|鋼
123,飛天螳螂,一般,蟲|飛行,火|電|飛行|岩石|冰
124,迷唇姐,一般,冰|超能力,火|蟲|岩石|幽靈|惡|鋼
125,電擊獸,一般,電,地面
126,鴨嘴火獸,一般,火,水|岩石|地面
127,凱羅斯,一般,蟲,火|飛行|岩石
127,超級凱羅斯,超級凱羅斯,蟲|飛行,火|電|飛行|岩石|冰
128,肯泰羅,一般,一般,格鬥
128,肯泰羅,帕底亞,格鬥,飛行|超能力|妖精
128,肯泰羅,帕底亞,格鬥|火,水|飛行|地面|超能力
128,肯泰羅,帕底亞,格鬥|水,草|電|飛行|超能力|妖精
129,鯉魚王,一般,水,草|電
130,暴鯉龍,一般,水|飛行,電|岩石
130,超級暴鯉龍,超級暴鯉龍,水|惡,草|電|蟲|格鬥|妖精
131,拉普拉斯,一般,水|冰,草|電|岩石|格鬥
131,拉普拉斯,超極巨化,水|冰,草|電|岩石|格鬥
132,百變怪,一般,一般,格鬥
133,伊布,一般,一般,格鬥
133,伊布,超極巨化,一般,格鬥
134,水伊布,一般,水,草|電
135,雷伊布,一般,電,地面
136,火伊布,一般,火,水|岩石|地面
137,多邊獸,一般,一般,格鬥
138,菊石獸,一般,岩石|水,草|電|地面|格鬥
139,多刺菊石獸,一般,岩石|水,草|電|地面|格鬥
140,化石盔,一般,岩石|水,草|電|地面|格鬥
141,鐮刀盔,一般,岩石|水,草|電|地面|格鬥
142,化石翼龍,一般,岩石|飛行,水|電|岩石|冰|鋼
142,超級化石翼龍,超級化石翼龍,岩石|飛行,水|電|岩石|冰|鋼
143,卡比獸,一般,一般,格鬥
143,卡比獸,超極巨化,一般,格鬥
144,急凍鳥,一般,冰|飛行,火|電|岩石|鋼
144,急凍鳥,伽勒爾,超能力|飛行,電|岩石|冰|幽靈|惡
145,閃電鳥,一般,電|飛行,岩石|冰
145,閃電鳥,伽勒爾,格鬥|飛行,電|飛行|冰|超能力|妖精
146,火焰鳥,一般,火|飛行,水|電|岩石
146,火焰鳥,伽勒爾,惡|飛行,電|岩石|冰|妖精
147,迷你龍,一般,龍,冰|龍|妖精
148,哈克龍,一般,龍,冰|龍|妖精
149,快龍,一般,龍|飛行,岩石|冰|龍|妖精
150,超夢,一般,超能力,蟲|幽靈|惡
150,超級超夢Ｘ,超級超夢Ｘ,超能力|格鬥,飛行|幽靈|妖精
150,超級超夢Ｙ,超級超夢Ｙ,超能力,蟲|飛行|惡|妖精
151,夢幻,一般,超能力,蟲|幽靈|惡
152,菊草葉,一般,草,火|蟲|飛行|毒|冰
153,月桂葉,一般,草,火|蟲|飛行|毒|冰
154,大竺葵,一般,草,火|蟲|飛行|毒|冰
155,火球鼠,一般,火,水|岩石|地面
156,火岩鼠,一般,火,水|岩石|地面
157,火爆獸,一般,火,水|岩石|地面
157,火爆獸,洗翠,火|幽靈,水|岩石|地面|幽靈|惡
158,小鋸鱷,一般,水,草|電
159,藍鱷,一般,水,草|電
160,大力鱷,一般,水,草|電
161,尾立,一般,一般,格鬥
162,大尾立,一般,一般,格鬥
163,咕咕,一般,一般|飛行,電|岩石|冰
164,貓頭夜鷹,一般,一般|飛行,電|岩石|冰
165,芭瓢蟲,一般,蟲|飛行,火|電|飛行|岩石|冰
166,安瓢蟲,一般,蟲|飛行,火|電|飛行|岩石|冰
167,圓絲蛛,一般,蟲|毒,火|飛行|岩石|超能力
168,阿利多斯,一般,蟲|毒,火|飛行|岩石|超能力
169,叉字蝠,一般,毒|飛行,電|岩石|冰|超能力
170,燈籠魚,一般,水|電,草|地面
171,電燈怪,一般,水|電,草|地面
172,皮丘,一般,電,地面
173,皮寶寶,一般,妖精,毒|鋼
174,寶寶丁,一般,一般|妖精,毒|鋼
175,波克比,一般,妖精,毒|鋼
176,波克基古,一般,妖精|飛行,電|岩石|毒|冰|鋼
177,天然雀,一般,超能力|飛行,電|岩石|冰|幽靈|惡
178,天然鳥,一般,超能力|飛行,電|岩石|冰|幽靈|惡
179,咩利羊,一般,電,地面
180,茸茸羊,一般,電,地面
181,電龍,一般,電,地面
181,超級電龍,超級電龍,電|龍,地面|冰|龍|妖精
182,美麗花,一般,草,火|蟲|飛行|毒|冰
183,瑪力露,一般,水|妖精,草|電|毒
184,瑪力露麗,一般,水|妖精,草|電|毒
185,樹才怪,一般,岩石,草|水|地面|格鬥|鋼
186,蚊香蛙皇,一般,水,草|電
187,毽子草,一般,草|飛行,火|飛行|岩石|毒
188,毽子花,一般,草|飛行,火|飛行|岩石|毒
189,毽子棉,一般,草|飛行,火|飛行|岩石|毒|冰
190,長尾怪手,一般,一般,格鬥
191,向日種子,一般,草,火|蟲|飛行|毒|冰
192,向日花怪,一般,草,火|蟲|飛行|毒|冰
193,蜻蜻蜓,一般,蟲|飛行,火|電|飛行|岩石|冰
194,烏波,一般,水|地面,草
194,烏波,帕底亞,毒|地面,水|地面|冰|超能力
195,沼王,一般,水|地面,草
196,太陽伊布,一般,超能力,蟲|幽靈|惡
197,月亮伊布,一般,惡,蟲|格鬥|妖精
198,黑暗鴉,一般,惡|飛行,電|岩石|冰|妖精
199,呆呆王,一般,水|超能力,草|電|蟲|幽靈|惡
199,呆呆王,伽勒爾,毒|超能力,地面|幽靈|惡
200,夢妖,一般,幽靈,幽靈|惡
201,未知圖騰,一般,超能力,蟲|幽靈|惡
202,果然翁,一般,超能力,蟲|幽靈|惡
203,麒麟奇,一般,一般|超能力,蟲|惡
204,榛果球,一般,蟲,火|飛行|岩石
205,佛烈托斯,一般,蟲|鋼,火
206,土龍弟弟,一般,一般,格鬥
207,天蠍,一般,地面|飛行,水|冰
208,大鋼蛇,一般,鋼|地面,火|水|地面|格鬥
208,超級大鋼蛇,超級大鋼蛇,鋼|地面,火|水|地面|格鬥
209,布魯,一般,妖精,毒|鋼
210,布魯皇,一般,妖精,毒|鋼
211,千針魚,一般,水|毒,電|地面|超能力
211,千針魚,洗翠,惡|毒,地面
212,巨鉗螳螂,一般,蟲|鋼,火
212,超級巨鉗螳螂,超級巨鉗螳螂,蟲|鋼,火
213,壺壺,一般,蟲|岩石,水|岩石|鋼
214,赫拉克羅斯,一般,蟲|格鬥,火|飛行|超能力|妖精
214,超級赫拉克羅斯,超級赫拉克羅斯,蟲|格鬥,火|飛行|超能力|妖精
215,狃拉,一般,惡|冰,火|蟲|岩石|格鬥|鋼|妖精
215,狃拉,洗翠,格鬥|毒,飛行|地面|超能力
216,熊寶寶,一般,一般,格鬥
217,圈圈熊,一般,一般,格鬥
218,熔岩蟲,一般,火,水|岩石|地面
219,熔岩蝸牛,一般,火|岩石,水|岩石|地面|格鬥
220,小山豬,一般,冰|地面,草|火|水|格鬥|鋼
221,長毛豬,一般,冰|地面,草|火|水|格鬥|鋼
222,太陽珊瑚,一般,水|岩石,草|電|地面|格鬥
222,太陽珊瑚,伽勒爾,幽靈,幽靈|惡
223,鐵炮魚,一般,水,草|電
224,章魚桶,一般,水,草|電
225,信使鳥,一般,冰|飛行,火|電|岩石|鋼
226,巨翅飛魚,一般,水|飛行,電|岩石
227,盔甲鳥,一般,鋼|飛行,火|電
228,戴魯比,一般,惡|火,水|岩石|地面|格鬥
229,黑魯加,一般,惡|火,水|岩石|地面|格鬥
229,超級黑魯加,超級黑魯加,惡|火,水|岩石|地面|格鬥
230,刺龍王,一般,水|龍,龍|妖精
231,小小象,一般,地面,草|水|冰
232,頓甲,一般,地面,草|水|冰
233,多邊獸Ⅱ,一般,一般,格鬥
234,驚角鹿,一般,一般,格鬥
235,圖圖犬,一般,一般,格鬥
236,無畏小子,一般,格鬥,飛行|超能力|妖精
237,戰舞郎,一般,格鬥,飛行|超能力|妖精
238,迷唇娃,一般,冰|超能力,火|蟲|岩石|幽靈|惡|鋼
239,電擊怪,一般,電,地面
240,鴨嘴寶寶,一般,火,水|岩石|地面
241,大奶罐,一般,一般,格鬥
242,幸福蛋,一般,一般,格鬥
243,雷公,一般,電,地面
244,炎帝,一般,火,水|岩石|地面
245,水君,一般,水,草|電
246,幼基拉斯,一般,岩石|地面,草|水|地面|冰|格鬥|鋼
247,沙基拉斯,一般,岩石|地面,草|水|地面|冰|格鬥|鋼
248,班基拉斯,一般,岩石|惡,草|水|蟲|地面|格鬥|鋼|妖精
248,超級班基拉斯,超級班基拉斯,岩石|惡,草|水|蟲|地面|格鬥|鋼|妖精
249,洛奇亞,一般,超能力|飛行,電|岩石|冰|幽靈|惡
250,鳳王,一般,火|飛行,水|電|岩石
251,時拉比,一般,超能力|草,火|蟲|飛行|毒|冰|幽靈|惡
252,木守宮,一般,草,火|蟲|飛行|毒|冰
253,森林蜥蜴,一般,草,火|蟲|飛行|毒|冰
254,蜥蜴王,一般,草,火|蟲|飛行|毒|冰
254,超級蜥蜴王,超級蜥蜴王,草|龍,蟲|飛行|毒|冰|龍|妖精
255,火稚雞,一般,火,水|岩石|地面
256,力壯雞,一般,火|格鬥,水|飛行|地面|超能力
257,火焰雞,一般,火|格鬥,水|飛行|地面|超能力
257,超級火焰雞,超級火焰雞,火|格鬥,水|飛行|地面|超能力
258,水躍魚,一般,水,草|電
259,沼躍魚,一般,水|地面,
260,巨沼怪,一般,水|地面,草
260,超級巨沼怪,超級巨沼怪,水|地面,草
261,土狼犬,一般,惡,蟲|格鬥|妖精
262,大狼犬,一般,惡,蟲|格鬥|妖精
263,蛇紋熊,一般,一般,格鬥
263,蛇紋熊,伽勒爾,惡|一般,蟲|格鬥|妖精
264,直衝熊,一般,一般,格鬥
264,直衝熊,伽勒爾,惡|一般,蟲|格鬥|妖精
265,刺尾蟲,一般,蟲,火|飛行|岩石
266,甲殼繭,一般,蟲,火|飛行|岩石
267,狩獵鳳蝶,一般,蟲|飛行,火|電|飛行|岩石|冰
268,盾甲繭,一般,蟲,火|飛行|岩石
269,毒粉蛾,一般,蟲|毒,火|飛行|岩石|超能力
270,蓮葉童子,一般,水|草,蟲|飛行|毒
271,蓮帽小童,一般,水|草,蟲|飛行|毒
272,樂天河童,一般,水|草,蟲|飛行|毒
273,橡實果,一般,草,火|蟲|飛行|毒|冰
274,長鼻葉,一般,草|惡,火|蟲|飛行|毒|冰|格鬥|妖精
275,狡猾天狗,一般,草|惡,火|蟲|飛行|毒|冰|格鬥|妖精
276,傲骨燕,一般,一般|飛行,電|岩石|冰
277,大王燕,一般,一般|飛行,電|岩石|冰
278,長翅鷗,一般,水|飛行,電|岩石
279,大嘴鷗,一般,水|飛行,電|岩石
280,拉魯拉絲,一般,超能力|妖精,毒|幽靈|鋼
281,奇魯莉安,一般,超能力|妖精,毒|幽靈|鋼
282,沙奈朵,一般,超能力|妖精,毒|幽靈|鋼
282,超級沙奈朵,超級沙奈朵,超能力|妖精,毒|鋼
283,溜溜糖球,一般,蟲|水,電|飛行|岩石
284,雨翅蛾,一般,蟲|飛行,火|電|飛行|岩石|冰
285,蘑蘑菇,一般,草,火|蟲|飛行|毒|冰
286,斗笠菇,一般,草|格鬥,火|蟲|毒|冰|超能力|妖精
287,懶人獺,一般,一般,格鬥
288,過動猿,一般,一般,格鬥
289,請假王,一般,一般,格鬥
290,土居忍士,一般,蟲|地面,火|水|飛行|冰
291,鐵面忍者,一般,蟲|飛行,火|電|飛行|岩石|冰
292,脫殼忍者,一般,蟲|幽靈,火|飛行|岩石|幽靈|惡
293,咕妞妞,一般,一般,格鬥
294,吼爆彈,一般,一般,格鬥
295,爆音怪,一般,一般,格鬥
296,幕下力士,一般,格鬥,飛行|超能力|妖精
297,鐵掌力士,一般,格鬥,飛行|超能力|妖精
298,露力麗,一般,一般|妖精,毒|鋼
299,朝北鼻,一般,岩石,草|水|地面|格鬥|鋼
300,向尾喵,一般,一般,格鬥
301,優雅貓,一般,一般,格鬥
302,勾魂眼,一般,惡|幽靈,妖精
302,超級勾魂眼,超級勾魂眼,惡|幽靈,妖精
303,大嘴娃,一般,鋼|妖精,火|地面
303,超級大嘴娃,超級大嘴娃,鋼|妖精,火|地面
304,可可多拉,一般,鋼|岩石,水|地面|格鬥
305,可多拉,一般,鋼|岩石,水|地面|格鬥
306,波士可多拉,一般,鋼|岩石,水|地面|格鬥
306,超級波士可多拉,超級波士可多拉,鋼,火|地面|格鬥
307,瑪沙那,一般,格鬥|超能力,飛行|幽靈|妖精
308,恰雷姆,一般,格鬥|超能力,飛行|幽靈|妖精
308,超級恰雷姆,超級恰雷姆,格鬥|超能力,飛行|幽靈|妖精
309,落雷獸,一般,電,地面
310,雷電獸,一般,電,地面
310,超級雷電獸,超級雷電獸,電,地面
311,正電拍拍,一般,電,地面
312,負電拍拍,一般,電,地面
313,電螢蟲,一般,蟲,火|飛行|岩石
314,甜甜螢,一般,蟲,火|飛行|岩石
315,毒薔薇,一般,草|毒,火|飛行|冰|超能力
316,溶食獸,一般,毒,地面|超能力
317,吞食獸,一般,毒,地面|超能力
318,利牙魚,一般,水|惡,草|電|蟲|格鬥|妖精
319,巨牙鯊,一般,水|惡,草|電|蟲|格鬥|妖精
319,超級巨牙鯊,超級巨牙鯊,水|惡,草|電|蟲|格鬥|妖精
320,吼吼鯨,一般,水,草|電
321,吼鯨王,一般,水,草|電
322,呆火駝,一般,火|地面,水|地面
323,噴火駝,一般,火|地面,水|地面
323,超級噴火駝,超級噴火駝,火|地面,水|地面
324,煤炭龜,一般,火,水|岩石|地面
325,跳跳豬,一般,超能力,蟲|幽靈|惡
326,噗噗豬,一般,超能力,蟲|幽靈|惡
327,晃晃斑,一般,一般,格鬥
328,大顎蟻,一般,地面,草|水|冰
329,超音波幼蟲,一般,地面|龍,冰|龍|妖精
330,沙漠蜻蜓,一般,地面|龍,冰|龍|妖精
331,刺球仙人掌,一般,草,火|蟲|飛行|毒|冰
332,夢歌仙人掌,一般,草|惡,火|蟲|飛行|毒|冰|格鬥|妖精
333,青綿鳥,一般,一般|飛行,電|岩石|冰
334,七夕青鳥,一般,龍|飛行,岩石|冰|龍|妖精
334,超級七夕青鳥,超級七夕青鳥,龍|妖精,毒|冰|鋼|妖精
335,貓鼬斬,一般,一般,格鬥
336,飯匙蛇,一般,毒,地面|超能力
337,月石,一般,岩石|超能力,草|水|蟲|地面|幽靈|惡|鋼
338,太陽岩,一般,岩石|超能力,草|水|蟲|地面|幽靈|惡|鋼
339,泥泥鰍,一般,水|地面,草
340,鯰魚王,一般,水|地面,草
341,龍蝦小兵,一般,水,草|電
342,鐵螯龍蝦,一般,水|惡,草|電|蟲|格鬥|妖精
343,天秤偶,一般,地面|超能力,草|水|蟲|冰|幽靈|惡
344,念力土偶,一般,地面|超能力,草|水|蟲|冰|幽靈|惡
345,觸手百合,一般,岩石|草,蟲|冰|格鬥|鋼
346,搖籃百合,一般,岩石|草,蟲|冰|格鬥|鋼
347,太古羽蟲,一般,岩石|蟲,水|岩石|鋼
348,太古盔甲,一般,岩石|蟲,水|岩石|鋼
349,醜醜魚,一般,水,草|電
350,美納斯,一般,水,草|電
351,飄浮泡泡,一般,一般,格鬥
352,變隱龍,一般,一般,格鬥
353,怨影娃娃,一般,幽靈,幽靈|惡
354,詛咒娃娃,一般,幽靈,幽靈|惡
354,超級詛咒娃娃,超級詛咒娃娃,幽靈,幽靈|惡
355,夜巡靈,一般,幽靈,幽靈|惡
356,彷徨夜靈,一般,幽靈,幽靈|惡
357,熱帶龍,一般,草|飛行,火|飛行|岩石|毒|冰
358,風鈴鈴,一般,超能力,蟲|幽靈|惡
359,阿勃梭魯,一般,惡,蟲|格鬥|妖精
359,超級阿勃梭魯,超級阿勃梭魯,惡,蟲|格鬥|妖精
360,小果然,一般,超能力,蟲|幽靈|惡
361,雪童子,一般,冰,火|岩石|格鬥|鋼
362,冰鬼護,一般,冰,火|岩石|格鬥|鋼
362,超級冰鬼護,超級冰鬼護,冰,火|岩石|格鬥|鋼
363,海豹球,一般,冰|水,草|電|岩石|格鬥
364,海魔獅,一般,冰|水,草|電|岩石|格鬥
365,帝牙海獅,一般,冰|水,草|電|岩石|格鬥
366,珍珠貝,一般,水,草|電
367,獵斑魚,一般,水,草|電
368,櫻花魚,一般,水,草|電
369,古空棘魚,一般,水|岩石,草|電|地面|格鬥
370,愛心魚,一般,水,草|電
371,寶貝龍,一般,龍,冰|龍|妖精
372,甲殼龍,一般,龍,冰|龍|妖精
373,暴飛龍,一般,龍|飛行,岩石|冰|龍|妖精
373,超級暴飛龍,超級暴飛龍,龍|飛行,岩石|冰|龍|妖精
374,鐵啞鈴,一般,鋼|超能力,火|地面|幽靈|惡
375,金屬怪,一般,鋼|超能力,火|地面|幽靈|惡
376,巨金怪,一般,鋼|超能力,火|地面|幽靈|惡
376,超級巨金怪,超級巨金怪,鋼|超能力,火|地面|幽靈|惡
377,雷吉洛克,一般,岩石,草|水|地面|格鬥|鋼
378,雷吉艾斯,一般,冰,火|岩石|格鬥|鋼
379,雷吉斯奇魯,一般,鋼,火|地面|格鬥
380,拉帝亞斯,一般,龍|超能力,蟲|冰|幽靈|龍|惡|妖精
380,超級拉帝亞斯,超級拉帝亞斯,龍|超能力,蟲|冰|幽靈|龍|惡|妖精
381,拉帝歐斯,一般,龍|超能力,蟲|冰|幽靈|龍|惡|妖精
381,超級拉帝歐斯,超級拉帝歐斯,龍|超能力,蟲|冰|幽靈|龍|惡|妖精
382,蓋歐卡,一般,水,草|電
382,原始蓋歐卡,原始蓋歐卡,水,草|電
383,固拉多,一般,地面,草|水|冰
383,原始固拉多,原始固拉多,地面|火,水|地面
384,烈空坐,一般,龍|飛行,岩石|冰|龍|妖精
384,超級烈空坐,超級烈空坐,龍|飛行,岩石|冰|龍|妖精
385,基拉祈,一般,鋼|超能力,火|地面|幽靈|惡
386,代歐奇希斯,一般,超能力,蟲|幽靈|惡
386,代歐奇希斯,攻擊,超能力,蟲|幽靈|惡
386,代歐奇希斯,速度,超能力,蟲|幽靈|惡
386,代歐奇希斯,防禦,超能力,蟲|幽靈|惡
387,草苗龜,一般,草,火|蟲|飛行|毒|冰
388,樹林龜,一般,草,火|蟲|飛行|毒|冰
389,土台龜,一般,草|地面,火|蟲|飛行|冰
390,小火焰猴,一般,火,水|岩石|地面
391,猛火猴,一般,火|格鬥,水|飛行|地面|超能力
392,烈焰猴,一般,火|格鬥,水|飛行|地面|超能力
393,波加曼,一般,水,草|電
394,波皇子,一般,水,草|電
395,帝王拿波,一般,水|鋼,電|地面|格鬥
396,姆克兒,一般,一般|飛行,電|岩石|冰
397,姆克鳥,一般,一般|飛行,電|岩石|冰
398,姆克鷹,一般,一般|飛行,電|岩石|冰
399,大牙狸,一般,一般,格鬥
400,大尾狸,一般,一般|水,草|電|格鬥
401,圓法師,一般,蟲,火|飛行|岩石
402,音箱蟀,一般,蟲,火|飛行|岩石
403,小貓怪,一般,電,地面
404,勒克貓,一般,電,地面
405,倫琴貓,一般,電,地面
406,含羞苞,一般,草|毒,火|飛行|冰|超能力
407,羅絲雷朵,一般,草|毒,火|飛行|冰|超能力
408,頭蓋龍,一般,岩石,草|水|地面|格鬥|鋼
409,戰槌龍,一般,岩石,草|水|地面|格鬥|鋼
410,盾甲龍,一般,岩石|鋼,水|地面|格鬥
411,護城龍,一般,岩石|鋼,水|地面|格鬥
412,結草兒,一般,蟲,火|飛行|岩石
412,結草兒,垃圾蓑衣,蟲,火|飛行|岩石
412,結草兒,砂土蓑衣,蟲,火|飛行|岩石
413,結草貴婦,一般,蟲|草,火|蟲|飛行|岩石|毒|冰
413,結草貴婦,垃圾蓑衣,蟲|鋼,火
413,結草貴婦,砂土蓑衣,蟲|地面,火|水|飛行|冰
414,紳士蛾,一般,蟲|飛行,火|電|飛行|岩石|冰
415,三蜜蜂,一般,蟲|飛行,火|電|飛行|岩石|冰
416,蜂女王,一般,蟲|飛行,火|電|飛行|岩石|冰
417,帕奇利茲,一般,電,地面
418,泳圈鼬,一般,水,草|電
419,浮潛鼬,一般,水,草|電
420,櫻花寶,一般,草,火|蟲|飛行|毒|冰
421,櫻花兒,一般,草,火|蟲|飛行|毒|冰
421,櫻花兒,晴天,草,火|蟲|飛行|毒|冰
422,無殼海兔,一般,水,草|電
422,無殼海兔,東海,水,草|電
423,海兔獸,一般,水|地面,草
423,海兔獸,東海,水|地面,草
424,雙尾怪手,一般,一般,格鬥
425,飄飄球,一般,幽靈|飛行,電|岩石|冰|幽靈|惡
426,隨風球,一般,幽靈|飛行,電|岩石|冰|幽靈|惡
427,捲捲耳,一般,一般,格鬥
428,長耳兔,一般,一般,格鬥
428,超級長耳兔,超級長耳兔,一般|格鬥,飛行|格鬥|超能力|妖精
429,夢妖魔,一般,幽靈,幽靈|惡
430,烏鴉頭頭,一般,惡|飛行,電|岩石|冰|妖精
431,魅力喵,一般,一般,格鬥
432,東施喵,一般,一般,格鬥
433,鈴鐺響,一般,超能力,蟲|幽靈|惡
434,臭鼬噗,一般,毒|惡,地面
435,坦克臭鼬,一般,毒|惡,地面
436,銅鏡怪,一般,鋼|超能力,火|地面|幽靈|惡
437,青銅鐘,一般,鋼|超能力,火|地面|幽靈|惡
438,盆才怪,一般,岩石,草|水|地面|格鬥|鋼
439,魔尼尼,一般,超能力|妖精,毒|幽靈|鋼
440,小福蛋,一般,一般,格鬥
441,聒噪鳥,一般,一般|飛行,電|岩石|冰
442,花岩怪,一般,幽靈|惡,妖精
443,圓陸鯊,一般,龍|地面,冰|龍|妖精
444,尖牙陸鯊,一般,龍|地面,冰|龍|妖精
445,烈咬陸鯊,一般,龍|地面,冰|龍|妖精
445,超級烈咬陸鯊,超級烈咬陸鯊,龍|地面,冰|龍|妖精
446,小卡比獸,一般,一般,格鬥
447,利歐路,一般,格鬥,飛行|超能力|妖精
448,路卡利歐,一般,格鬥|鋼,火|地面|格鬥
448,超級路卡利歐,超級路卡利歐,格鬥|鋼,火|地面|格鬥
449,沙河馬,一般,地面,草|水|冰
450,河馬獸,一般,地面,草|水|冰
451,鉗尾蠍,一般,毒|蟲,火|飛行|岩石|超能力
452,龍王蠍,一般,毒|惡,地面
453,不良蛙,一般,毒|格鬥,飛行|地面|超能力
454,毒骷蛙,一般,毒|格鬥,飛行|地面
455,尖牙籠,一般,草,火|蟲|飛行|毒|冰
456,螢光魚,一般,水,草|電
457,霓虹魚,一般,水,草|電
458,小球飛魚,一般,水|飛行,電|岩石
459,雪笠怪,一般,草|冰,蟲|飛行|岩石|毒|格鬥|鋼
460,暴雪王,一般,草|冰,蟲|飛行|岩石|毒|格鬥|鋼
460,超級暴雪王,超級暴雪王,草|冰,火|蟲|飛行|岩石|毒|格鬥|鋼
461,瑪狃拉,一般,惡|冰,火|蟲|岩石|格鬥|鋼|妖精
462,自爆磁怪,一般,電|鋼,火|地面|格鬥
463,大舌舔,一般,一般,格鬥
464,超甲狂犀,一般,地面|岩石,草|水|地面|冰|格鬥|鋼
465,巨蔓藤,一般,草,火|蟲|飛行|毒|冰
466,電擊魔獸,一般,電,地面
467,鴨嘴炎獸,一般,火,水|岩石|地面
468,波克基斯,一般,妖精|飛行,電|岩石|毒|冰|鋼
469,遠古巨蜓,一般,蟲|飛行,火|電|飛行|冰
470,葉伊布,一般,草,火|蟲|飛行|毒|冰
471,冰伊布,一般,冰,火|岩石|格鬥|鋼
472,天蠍王,一般,地面|飛行,水|冰
473,象牙豬,一般,冰|地面,草|火|水|格鬥|鋼
474,多邊獸Ｚ,一般,一般,格鬥
475,艾路雷朵,一般,超能力|格鬥,飛行|幽靈|妖精
475,超級艾路雷朵,超級艾路雷朵,超能力|格鬥,飛行|幽靈|妖精
476,大朝北鼻,一般,岩石|鋼,水|地面|格鬥
477,黑夜魔靈,一般,幽靈,幽靈|惡
478,雪妖女,一般,冰|幽靈,火|岩石|幽靈|惡|鋼
479,洛托姆,一般,電|幽靈,地面|幽靈|惡
479,洛托姆,切割洛托姆,電|草,火|蟲|毒|冰
479,洛托姆,加熱洛托姆,電|火,水|岩石|地面
479,洛托姆,旋轉洛托姆,電|飛行,岩石|冰
479,洛托姆,清洗洛托姆,電|水,草|地面
479,洛托姆,結冰洛托姆,電|冰,火|岩石|地面|格鬥
480,由克希,一般,超能力,蟲|幽靈|惡
481,艾姆利多,一般,超能力,蟲|幽靈|惡
482,亞克諾姆,一般,超能力,蟲|幽靈|惡
483,帝牙盧卡,一般,鋼|龍,地面|格鬥
483,帝牙盧卡,起源,鋼|龍,地面|格鬥
484,帕路奇亞,一般,水|龍,龍|妖精
484,帕路奇亞,起源,水|龍,龍|妖精
485,席多藍恩,一般,火|鋼,水|地面|格鬥
486,雷吉奇卡斯,一般,一般,格鬥
487,騎拉帝納,一般,幽靈|龍,冰|幽靈|龍|惡|妖精
487,騎拉帝納,起源,幽靈|龍,冰|幽靈|龍|惡|妖精
488,克雷色利亞,一般,超能力,蟲|幽靈|惡
489,霏歐納,一般,水,草|電
490,瑪納霏,一般,水,草|電
491,達克萊伊,一般,惡,蟲|格鬥|妖精
492,謝米,一般,草,火|飛行|岩石|毒|冰
492,謝米,天空,草|飛行,火|蟲|飛行|毒|冰
493,阿爾宙斯,一般,一般,格鬥
494,比克提尼,一般,超能力|火,水|岩石|地面|幽靈|惡
495,藤藤蛇,一般,草,火|蟲|飛行|毒|冰
496,青藤蛇,一般,草,火|蟲|飛行|毒|冰
497,君主蛇,一般,草,火|蟲|飛行|毒|冰
498,暖暖豬,一般,火,水|岩石|地面
499,炒炒豬,一般,火|格鬥,水|飛行|地面|超能力
500,炎武王,一般,火|格鬥,水|飛行|地面|超能力
501,水水獺,一般,水,草|電
502,雙刃丸,一般,水,草|電
503,大劍鬼,一般,水,草|電
503,大劍鬼,洗翠,水|惡,草|電|蟲|格鬥|妖精
504,探探鼠,一般,一般,格鬥
505,步哨鼠,一般,一般,格鬥
506,小約克,一般,一般,格鬥
507,哈約克,一般,一般,格鬥
508,長毛狗,一般,一般,格鬥
509,扒手貓,一般,惡,蟲|格鬥|妖精
510,酷豹,一般,惡,蟲|格鬥|妖精
511,花椰猴,一般,草,火|蟲|飛行|毒|冰
512,花椰猿,一般,草,火|蟲|飛行|毒|冰
513,爆香猴,一般,火,水|岩石|地面
514,爆香猿,一般,火,水|岩石|地面
515,冷水猴,一般,水,草|電
516,冷水猿,一般,水,草|電
517,食夢夢,一般,超能力,蟲|幽靈|惡
518,夢夢蝕,一般,超能力,蟲|幽靈|惡
519,豆豆鴿,一般,一般|飛行,電|岩石|冰
520,咕咕鴿,一般,一般|飛行,電|岩石|冰
521,高傲雉雞,一般,一般|飛行,電|岩石|冰
521,高傲雉雞,雌性,一般|飛行,電|岩石|冰
522,斑斑馬,一般,電,地面
523,雷電斑馬,一般,電,地面
524,石丸子,一般,岩石,草|水|地面|格鬥|鋼
525,地幔岩,一般,岩石,草|水|地面|格鬥|鋼
526,龐岩怪,一般,岩石,草|水|地面|格鬥|鋼
527,滾滾蝙蝠,一般,超能力|飛行,電|岩石|冰|幽靈|惡
528,心蝙蝠,一般,超能力|飛行,電|岩石|冰|幽靈|惡
529,螺釘地鼠,一般,地面,草|水|冰
530,龍頭地鼠,一般,地面|鋼,火|水|地面|格鬥
531,差不多娃娃,一般,一般,格鬥
531,超級差不多娃娃,超級差不多娃娃,一般|妖精,毒|鋼
532,搬運小匠,一般,格鬥,飛行|超能力|妖精
533,鐵骨土人,一般,格鬥,飛行|超能力|妖精
534,修建老匠,一般,格鬥,飛行|超能力|妖精
535,圓蝌蚪,一般,水,草|電
536,藍蟾蜍,一般,水|地面,草
537,蟾蜍王,一般,水|地面,草
538,投摔鬼,一般,格鬥,飛行|超能力|妖精
539,打擊鬼,一般,格鬥,飛行|超能力|妖精
540,蟲寶包,一般,蟲|草,火|蟲|飛行|岩石|毒|冰
541,寶包繭,一般,蟲|草,火|蟲|飛行|岩石|毒|冰
542,保母蟲,一般,蟲|草,火|蟲|飛行|岩石|毒|冰
543,百足蜈蚣,一般,蟲|毒,火|飛行|岩石|超能力
544,車輪毬,一般,蟲|毒,火|飛行|岩石|超能力
545,蜈蚣王,一般,蟲|毒,火|飛行|岩石|超能力
546,木棉球,一般,草|妖精,火|飛行|毒|冰|鋼
547,風妖精,一般,草|妖精,火|飛行|毒|冰|鋼
548,百合根娃娃,一般,草,火|蟲|飛行|毒|冰
549,裙兒小姐,一般,草,火|蟲|飛行|毒|冰
549,裙兒小姐,洗翠,草|格鬥,火|飛行|毒|冰|超能力|妖精
550,野蠻鱸魚,一般,水,草|電
550,野蠻鱸魚,白條紋,水,草|電
550,野蠻鱸魚,藍條紋,水,草|電
551,黑眼鱷,一般,地面|惡,草|水|蟲|冰|格鬥|妖精
552,混混鱷,一般,地面|惡,草|水|蟲|冰|格鬥|妖精
553,流氓鱷,一般,地面|惡,草|水|蟲|冰|格鬥|妖精
554,火紅不倒翁,一般,火,水|岩石|地面
554,火紅不倒翁,伽勒爾,冰,火|岩石|格鬥|鋼
555,達摩狒狒,一般,火,水|岩石|地面
555,達摩狒狒,伽勒爾,冰,火|岩石|格鬥|鋼
555,達摩狒狒,伽勒爾的樣子/達摩模式,冰|火,水|岩石|地面|格鬥
555,達摩狒狒,達摩模式,火|超能力,水|岩石|地面|幽靈|惡
556,沙鈴仙人掌,一般,草,火|蟲|飛行|毒|冰
557,石居蟹,一般,蟲|岩石,水|岩石|鋼
558,岩殿居蟹,一般,蟲|岩石,水|岩石|鋼
559,滑滑小子,一般,惡|格鬥,飛行|格鬥|妖精
560,頭巾混混,一般,惡|格鬥,飛行|格鬥|妖精
561,象徵鳥,一般,超能力|飛行,電|岩石|冰|幽靈|惡
562,哭哭面具,一般,幽靈,幽靈|惡
562,哭哭面具,伽勒爾,地面|幽靈,草|水|冰|幽靈|惡
563,死神棺,一般,幽靈,幽靈|惡
564,原蓋海龜,一般,水|岩石,草|電|地面|格鬥
565,肋骨海龜,一般,水|岩石,草|電|地面|格鬥
566,始祖小鳥,一般,岩石|飛行,水|電|岩石|冰|鋼
567,始祖大鳥,一般,岩石|飛行,水|電|岩石|冰|鋼
568,破破袋,一般,毒,地面|超能力
569,灰塵山,一般,毒,地面|超能力
569,灰塵山,超極巨化,毒,地面|超能力
570,索羅亞,一般,惡,蟲|格鬥|妖精
570,索羅亞,洗翠,一般|幽靈,惡
571,索羅亞克,一般,惡,蟲|格鬥|妖精
571,索羅亞克,洗翠,一般|幽靈,惡
572,泡沫栗鼠,一般,一般,格鬥
573,奇諾栗鼠,一般,一般,格鬥
574,哥德寶寶,一般,超能力,蟲|幽靈|惡
575,哥德小童,一般,超能力,蟲|幽靈|惡
576,哥德小姐,一般,超能力,蟲|幽靈|惡
577,單卵細胞球,一般,超能力,蟲|幽靈|惡
578,雙卵細胞球,一般,超能力,蟲|幽靈|惡
579,人造細胞卵,一般,超能力,蟲|幽靈|惡
580,鴨寶寶,一般,水|飛行,電|岩石
581,舞天鵝,一般,水|飛行,電|岩石
582,迷你冰,一般,冰,火|岩石|格鬥|鋼
583,多多冰,一般,冰,火|岩石|格鬥|鋼
584,雙倍多多冰,一般,冰,火|岩石|格鬥|鋼
585,四季鹿,一般,一般|草,火|蟲|飛行|毒|冰|格鬥
585,四季鹿,冬天,一般|草,火|蟲|飛行|毒|冰|格鬥
585,四季鹿,夏天,一般|草,火|蟲|飛行|毒|冰|格鬥
585,四季鹿,秋天,一般|草,火|蟲|飛行|毒|冰|格鬥
586,萌芽鹿,一般,一般|草,火|蟲|飛行|毒|冰|格鬥
586,萌芽鹿,冬天,一般|草,火|蟲|飛行|毒|冰|格鬥
586,萌芽鹿,夏天,一般|草,火|蟲|飛行|毒|冰|格鬥
586,萌芽鹿,秋天,一般|草,火|蟲|飛行|毒|冰|格鬥
587,電飛鼠,一般,電|飛行,岩石|冰
588,蓋蓋蟲,一般,蟲,火|飛行|岩石
589,騎士蝸牛,一般,蟲|鋼,火
590,哎呀球菇,一般,草|毒,火|飛行|冰|超能力
591,敗露球菇,一般,草|毒,火|飛行|冰|超能力
592,輕飄飄,一般,水|幽靈,草|電|幽靈|惡
592,輕飄飄,雌性,水|幽靈,草|電|幽靈|惡
593,胖嘟嘟,一般,水|幽靈,草|電|幽靈|惡
593,胖嘟嘟,雌性,水|幽靈,草|電|幽靈|惡
594,保母曼波,一般,水,草|電
595,電電蟲,一般,蟲|電,火|岩石
596,電蜘蛛,一般,蟲|電,火|岩石
597,種子鐵球,一般,草|鋼,火|格鬥
598,堅果啞鈴,一般,草|鋼,火|格鬥
599,齒輪兒,一般,鋼,火|地面|格鬥
600,齒輪組,一般,鋼,火|地面|格鬥
601,齒輪怪,一般,鋼,火|地面|格鬥
602,麻麻小魚,一般,電,地面
603,麻麻鰻,一般,電,地面
604,麻麻鰻魚王,一般,電,地面
605,小灰怪,一般,超能力,蟲|幽靈|惡
606,大宇怪,一般,超能力,蟲|幽靈|惡
607,燭光靈,一般,幽靈|火,水|岩石|地面|幽靈|惡
608,燈火幽靈,一般,幽靈|火,水|岩石|地面|幽靈|惡
609,水晶燈火靈,一般,幽靈|火,水|岩石|地面|幽靈|惡
610,牙牙,一般,龍,冰|龍|妖精
611,斧牙龍,一般,龍,冰|龍|妖精
612,雙斧戰龍,一般,龍,冰|龍|妖精
613,噴嚏熊,一般,冰,火|岩石|格鬥|鋼
614,凍原熊,一般,冰,火|岩石|格鬥|鋼
615,幾何雪花,一般,冰,火|岩石|格鬥|鋼
616,小嘴蝸,一般,蟲,火|飛行|岩石
617,敏捷蟲,一般,蟲,火|飛行|岩石
618,泥巴魚,一般,地面|電,草|水|地面|冰
618,泥巴魚,伽勒爾,地面|鋼,火|水|地面|格鬥
619,功夫鼬,一般,格鬥,飛行|超能力|妖精
620,師父鼬,一般,格鬥,飛行|超能力|妖精
621,赤面龍,一般,龍,冰|龍|妖精
622,泥偶小人,一般,地面|幽靈,草|水|冰|幽靈|惡
623,泥偶巨人,一般,地面|幽靈,草|水|冰|幽靈|惡
624,駒刀小兵,一般,惡|鋼,火|地面|格鬥
625,劈斬司令,一般,惡|鋼,火|地面|格鬥
626,爆炸頭水牛,一般,一般,格鬥
627,毛頭小鷹,一般,一般|飛行,電|岩石|冰
628,勇士雄鷹,一般,一般|飛行,電|岩石|冰
628,勇士雄鷹,洗翠,超能力|飛行,電|岩石|冰|幽靈|惡
629,禿鷹丫頭,一般,惡|飛行,電|岩石|冰|妖精
630,禿鷹娜,一般,惡|飛行,電|岩石|冰|妖精
631,熔蟻獸,一般,火,水|岩石|地面
632,鐵蟻,一般,蟲|鋼,火
633,單首龍,一般,惡|龍,蟲|冰|格鬥|龍|妖精
634,雙首暴龍,一般,惡|龍,蟲|冰|格鬥|龍|妖精
635,三首惡龍,一般,惡|龍,蟲|冰|格鬥|龍
636,燃燒蟲,一般,蟲|火,水|飛行|岩石
637,火神蛾,一般,蟲|火,水|飛行|岩石
638,勾帕路翁,一般,鋼|格鬥,火|地面|格鬥
639,代拉基翁,一般,岩石|格鬥,草|水|地面|格鬥|超能力|鋼|妖精
640,畢力吉翁,一般,草|格鬥,火|飛行|毒|冰|超能力|妖精
641,龍捲雲,一般,飛行,電|岩石|冰
641,龍捲雲,靈獸,飛行,電|岩石|冰
642,雷電雲,一般,電|飛行,岩石|冰
642,雷電雲,靈獸,電|飛行,岩石|冰
643,萊希拉姆,一般,龍|火,岩石|地面|龍
644,捷克羅姆,一般,龍|電,地面|冰|龍|妖精
645,土地雲,一般,地面|飛行,水|冰
645,土地雲,靈獸,地面|飛行,水|冰
646,酋雷姆,一般,龍|冰,岩石|格鬥|龍|鋼|妖精
646,酋雷姆,焰白酋雷姆,龍|冰,岩石|格鬥|龍|鋼|妖精
646,酋雷姆,闇黑酋雷姆,龍|冰,岩石|格鬥|龍|鋼|妖精
647,凱路迪歐,一般,水|格鬥,草|電|飛行|超能力|妖精
647,凱路迪歐,覺悟,水|格鬥,草|電|飛行|超能力|妖精
648,美洛耶塔,一般,一般|超能力,蟲|惡
648,美洛耶塔,舞步,一般|格鬥,飛行|格鬥|超能力|妖精
649,蓋諾賽克特,一般,蟲|鋼,火
650,哈力栗,一般,草,火|蟲|飛行|毒|冰
651,胖胖哈力,一般,草,火|蟲|飛行|毒|冰
652,布里卡隆,一般,草|格鬥,火|飛行|毒|冰|超能力|妖精
653,火狐狸,一般,火,水|岩石|地面
654,長尾火狐,一般,火,水|岩石|地面
655,妖火紅狐,一般,火|超能力,水|岩石|地面|幽靈|惡
656,呱呱泡蛙,一般,水,草|電
657,呱頭蛙,一般,水,草|電
658,甲賀忍蛙,一般,水|惡,草|電|蟲|格鬥|妖精
659,掘掘兔,一般,一般,格鬥
660,掘地兔,一般,一般|地面,草|水|冰|格鬥
661,小箭雀,一般,一般|飛行,電|岩石|冰
662,火箭雀,一般,火|飛行,水|電|岩石
663,烈箭鷹,一般,火|飛行,水|電|岩石
664,粉蝶蟲,一般,蟲,火|飛行|岩石
665,粉蝶蛹,一般,蟲,火|飛行|岩石
666,彩粉蝶,一般,蟲|飛行,火|電|飛行|岩石|冰
667,小獅獅,一般,火|一般,水|岩石|地面|格鬥
668,火炎獅,一般,火|一般,水|岩石|地面|格鬥
668,火炎獅,雌性,火|一般,水|岩石|地面|格鬥
669,花蓓蓓,一般,妖精,毒|鋼
670,花葉蒂,一般,妖精,毒|鋼
671,花潔夫人,一般,妖精,毒|鋼
672,坐騎小羊,一般,草,火|蟲|飛行|毒|冰
673,坐騎山羊,一般,草,火|蟲|飛行|毒|冰
674,頑皮熊貓,一般,格鬥,飛行|超能力|妖精
675,流氓熊貓,一般,格鬥|惡,飛行|格鬥|妖精
676,多麗米亞,一般,一般,格鬥
677,妙喵,一般,超能力,蟲|幽靈|惡
678,超能妙喵,一般,超能力,蟲|幽靈|惡
678,超能妙喵,雌性,超能力,蟲|幽靈|惡
679,獨劍鞘,一般,鋼|幽靈,火|地面|幽靈|惡
680,雙劍鞘,一般,鋼|幽靈,火|地面|幽靈|惡
681,堅盾劍怪,一般,鋼|幽靈,火|地面|幽靈|惡
681,堅盾劍怪,刀劍,鋼|幽靈,火|地面|幽靈|惡
682,粉香香,一般,妖精,毒|鋼
683,芳香精,一般,妖精,毒|鋼
684,綿綿泡芙,一般,妖精,毒|鋼
685,胖甜妮,一般,妖精,毒|鋼
686,好啦魷,一般,惡|超能力,蟲|妖精
687,烏賊王,一般,惡|超能力,蟲|妖精
688,龜腳腳,一般,岩石|水,草|電|地面|格鬥
689,龜足巨鎧,一般,岩石|水,草|電|地面|格鬥
690,垃垃藻,一般,毒|水,電|地面|超能力
691,毒藻龍,一般,毒|龍,地面|冰|超能力|龍
692,鐵臂槍蝦,一般,水,草|電
693,鋼炮臂蝦,一般,水,草|電
694,傘電蜥,一般,電|一般,地面|格鬥
695,光電傘蜥,一般,電|一般,地面|格鬥
696,寶寶暴龍,一般,岩石|龍,地面|冰|格鬥|龍|鋼|妖精
697,怪顎龍,一般,岩石|龍,地面|冰|格鬥|龍|鋼|妖精
698,冰雪龍,一般,岩石|冰,草|水|岩石|地面|格鬥|鋼
699,冰雪巨龍,一般,岩石|冰,草|水|岩石|地面|格鬥|鋼
700,仙子伊布,一般,妖精,毒|鋼
701,摔角鷹人,一般,格鬥|飛行,電|飛行|冰|超能力|妖精
702,咚咚鼠,一般,電|妖精,毒|地面
703,小碎鑽,一般,岩石|妖精,草|水|地面|鋼
704,黏黏寶,一般,龍,冰|龍|妖精
705,黏美兒,一般,龍,冰|龍|妖精
705,黏美兒,洗翠,鋼|龍,地面|格鬥
706,黏美龍,一般,龍,冰|龍|妖精
706,黏美龍,洗翠,鋼|龍,地面|格鬥
707,鑰圈兒,一般,鋼|妖精,火|地面
708,小木靈,一般,幽靈|草,火|飛行|冰|幽靈|惡
709,朽木妖,一般,幽靈|草,火|飛行|冰|幽靈|惡
710,南瓜精,一般,幽靈|草,火|飛行|冰|幽靈|惡
711,南瓜怪人,一般,幽靈|草,火|飛行|冰|幽靈|惡
712,冰寶,一般,冰,火|岩石|格鬥|鋼
713,冰岩怪,一般,冰,火|岩石|格鬥|鋼
713,冰岩怪,洗翠,冰|岩石,草|水|岩石|地面|格鬥|鋼
714,嗡蝠,一般,飛行|龍,岩石|冰|龍|妖精
715,音波龍,一般,飛行|龍,岩石|冰|龍|妖精
716,哲爾尼亞斯,一般,妖精,毒|鋼
717,伊裴爾塔爾,一般,惡|飛行,電|岩石|冰|妖精
718,基格爾德,一般,龍|地面,冰|龍|妖精
718,基格爾德,完全體,龍|地面,冰|龍|妖精
718,基格爾德,１０％,龍|地面,冰|龍|妖精
719,蒂安希,一般,岩石|妖精,草|水|地面|鋼
719,超級蒂安希,超級蒂安希,岩石|妖精,草|水|地面|鋼
720,胡帕,一般,超能力|幽靈,幽靈|惡
720,胡帕,解放胡帕,超能力|惡,蟲|妖精
721,波爾凱尼恩,一般,火|水,電|岩石|地面
722,木木梟,一般,草|飛行,火|飛行|岩石|毒|冰
723,投羽梟,一般,草|飛行,火|飛行|岩石|毒|冰
724,狙射樹梟,一般,草|幽靈,火|飛行|冰|幽靈|惡
724,狙射樹梟,洗翠,草|格鬥,火|飛行|毒|冰|超能力|妖精
725,火斑喵,一般,火,水|岩石|地面
726,炎熱喵,一般,火,水|岩石|地面
727,熾焰咆哮虎,一般,火|惡,水|岩石|地面|格鬥
728,球球海獅,一般,水,草|電
729,花漾海獅,一般,水,草|電
730,西獅海壬,一般,水|妖精,草|電|毒
731,小篤兒,一般,一般|飛行,電|岩石|冰
732,喇叭啄鳥,一般,一般|飛行,電|岩石|冰
733,銃嘴大鳥,一般,一般|飛行,電|岩石|冰
734,貓鼬少,一般,一般,格鬥
735,貓鼬探長,一般,一般,格鬥
736,強顎雞母蟲,一般,蟲,火|飛行|岩石
737,蟲電寶,一般,蟲|電,火|岩石
738,鍬農炮蟲,一般,蟲|電,火|岩石
739,好勝蟹,一般,格鬥,飛行|超能力|妖精
740,好勝毛蟹,一般,格鬥|冰,火|飛行|格鬥|超能力|鋼|妖精
741,花舞鳥,一般,火|飛行,水|電|岩石
741,花舞鳥,呼拉呼拉風格,超能力|飛行,電|岩石|冰|幽靈|惡
741,花舞鳥,啪滋啪滋風格,電|飛行,岩石|冰
741,花舞鳥,輕盈輕盈風格,幽靈|飛行,電|岩石|冰|幽靈|惡
742,萌虻,一般,蟲|妖精,火|飛行|岩石|毒|鋼
743,蝶結萌虻,一般,蟲|妖精,火|飛行|岩石|毒|鋼
744,岩狗狗,一般,岩石,草|水|地面|格鬥|鋼
745,鬃岩狼人,一般,岩石,草|水|地面|格鬥|鋼
745,鬃岩狼人,黃昏,岩石,草|水|地面|格鬥|鋼
745,鬃岩狼人,黑夜,岩石,草|水|地面|格鬥|鋼
746,弱丁魚,一般,水,草|電
746,弱丁魚,魚群,水,草|電
747,好壞星,一般,毒|水,電|地面|超能力
748,超壞星,一般,毒|水,電|地面|超能力
749,泥驢仔,一般,地面,草|水|冰
750,重泥挽馬,一般,地面,草|水|冰
751,滴蛛,一般,水|蟲,電|飛行|岩石
752,滴蛛霸,一般,水|蟲,電|飛行|岩石
753,偽螳草,一般,草,火|蟲|飛行|毒|冰
754,蘭螳花,一般,草,火|蟲|飛行|毒|冰
755,睡睡菇,一般,草|妖精,火|飛行|毒|冰|鋼
756,燈罩夜菇,一般,草|妖精,火|飛行|毒|冰|鋼
757,夜盜火蜥,一般,毒|火,水|岩石|地面|超能力
758,焰后蜥,一般,毒|火,水|岩石|地面|超能力
759,童偶熊,一般,一般|格鬥,飛行|格鬥|超能力|妖精
760,穿著熊,一般,一般|格鬥,飛行|格鬥|超能力|妖精
761,甜竹竹,一般,草,火|蟲|飛行|毒|冰
762,甜舞妮,一般,草,火|蟲|飛行|毒|冰
763,甜冷美后,一般,草,火|蟲|飛行|毒|冰
764,花療環環,一般,妖精,毒|鋼
765,智揮猩,一般,一般|超能力,蟲|惡
766,投擲猴,一般,格鬥,飛行|超能力|妖精
767,膽小蟲,一般,蟲|水,電|飛行|岩石
768,具甲武者,一般,蟲|水,電|飛行|岩石
769,沙丘娃,一般,幽靈|地面,草|水|冰|幽靈|惡
770,噬沙堡爺,一般,幽靈|地面,草|水|冰|幽靈|惡
771,拳海參,一般,水,草|電
772,屬性：空,一般,一般,格鬥
773,銀伴戰獸,一般,一般,格鬥
774,小隕星,一般,岩石|飛行,水|電|岩石|冰|鋼
774,小隕星,紅色核心,岩石|飛行,水|電|岩石|冰|鋼
775,樹枕尾熊,一般,一般,格鬥
776,爆焰龜獸,一般,火|龍,岩石|地面|龍
777,托戈德瑪爾,一般,電|鋼,火|地面|格鬥
778,謎擬Ｑ,一般,幽靈|妖精,幽靈|鋼
779,磨牙彩皮魚,一般,水|超能力,草|電|蟲|幽靈|惡
780,老翁龍,一般,一般|龍,冰|格鬥|龍|妖精
781,破破舵輪,一般,幽靈|草,火|飛行|冰|幽靈|惡
782,心鱗寶,一般,龍,冰|龍|妖精
783,鱗甲龍,一般,龍|格鬥,飛行|冰|超能力|龍|妖精
784,杖尾鱗甲龍,一般,龍|格鬥,飛行|冰|超能力|龍|妖精
785,卡璞・鳴鳴,一般,電|妖精,毒|地面
786,卡璞・蝶蝶,一般,超能力|妖精,毒|幽靈|鋼
787,卡璞・哞哞,一般,草|妖精,火|飛行|冰|鋼
788,卡璞・鰭鰭,一般,水|妖精,草|電|毒
789,科斯莫古,一般,超能力,蟲|幽靈|惡
790,科斯莫姆,一般,超能力,蟲|幽靈|惡
791,索爾迦雷歐,一般,超能力|鋼,火|地面|幽靈|惡
792,露奈雅拉,一般,超能力|幽靈,幽靈|惡
793,虛吾伊德,一般,岩石|毒,水|地面|超能力|鋼
794,爆肌蚊,一般,蟲|格鬥,火|飛行|超能力|妖精
795,費洛美螂,一般,蟲|格鬥,火|飛行|超能力|妖精
796,電束木,一般,電,地面
797,鐵火輝夜,一般,鋼|飛行,火|電
798,紙御劍,一般,草|鋼,火|格鬥
799,惡食大王,一般,惡|龍,蟲|冰|格鬥|龍|妖精
800,奈克洛茲瑪,一般,超能力,蟲|幽靈|惡
800,奈克洛茲瑪,拂曉之翼,超能力|幽靈,幽靈|惡
800,奈克洛茲瑪,究極奈克洛茲瑪,超能力|龍,蟲|冰|幽靈|龍|惡|妖精
800,奈克洛茲瑪,黃昏之鬃,超能力|鋼,火|地面|幽靈|惡
801,瑪機雅娜,一般,鋼|妖精,火|地面
802,瑪夏多,一般,格鬥|幽靈,飛行|超能力|幽靈|妖精
803,毒貝比,一般,毒,地面|超能力
804,四顎針龍,一般,毒|龍,地面|冰|超能力|龍
805,壘磊石,一般,岩石|鋼,水|地面|格鬥
806,砰頭小丑,一般,火|幽靈,水|岩石|地面|幽靈|惡
807,捷拉奧拉,一般,電,地面
808,美錄坦,一般,鋼,火|地面|格鬥
809,美錄梅塔,一般,鋼,火|地面|格鬥
810,敲音猴,一般,草,火|蟲|飛行|毒|冰
811,啪咚猴,一般,草,火|蟲|飛行|毒|冰
812,轟擂金剛猩,一般,草,火|蟲|飛行|毒|冰
812,轟擂金剛猩,超極巨化,草,火|蟲|飛行|毒|冰
813,炎兔兒,一般,火,水|岩石|地面
814,騰蹴小將,一般,火,水|岩石|地面
815,閃焰王牌,一般,火,水|岩石|地面
815,閃焰王牌,超極巨化,火,水|岩石|地面
816,淚眼蜥,一般,水,草|電
817,變澀蜥,一般,水,草|電
818,千面避役,一般,水,草|電
818,千面避役,超極巨化,水,草|電
819,貪心栗鼠,一般,一般,格鬥
820,藏飽栗鼠,一般,一般,格鬥
821,稚山雀,一般,飛行,電|岩石|冰
822,藍鴉,一般,飛行,電|岩石|冰
823,鋼鎧鴉,一般,飛行|鋼,火|電
823,鋼鎧鴉,超極巨化,飛行|鋼,火|電
824,索偵蟲,一般,蟲,火|飛行|岩石
825,天罩蟲,一般,蟲|超能力,火|蟲|飛行|岩石|幽靈|惡
826,以歐路普,一般,蟲|超能力,火|蟲|飛行|岩石|幽靈|惡
826,以歐路普,超極巨化,蟲|超能力,火|蟲|飛行|岩石|幽靈|惡
827,偷兒狐,一般,惡,蟲|格鬥|妖精
828,狐大盜,一般,惡,蟲|格鬥|妖精
829,幼棉棉,一般,草,火|蟲|飛行|毒|冰
830,白蓬蓬,一般,草,火|蟲|飛行|毒|冰
831,毛辮羊,一般,一般,格鬥
832,毛毛角羊,一般,一般,格鬥
833,咬咬龜,一般,水,草|電
834,暴噬龜,一般,水|岩石,草|電|地面|格鬥
834,暴噬龜,超極巨化,水|岩石,草|電|地面|格鬥
835,來電汪,一般,電,地面
836,逐電犬,一般,電,地面
837,小炭仔,一般,岩石,草|水|地面|格鬥|鋼
838,大炭車,一般,岩石|火,水|岩石|地面|格鬥
839,巨炭山,一般,岩石|火,水|岩石|地面|格鬥
839,巨炭山,超極巨化,岩石|火,水|岩石|地面|格鬥
840,啃果蟲,一般,草|龍,蟲|飛行|毒|冰|龍|妖精
841,蘋裹龍,一般,草|龍,蟲|飛行|毒|冰|龍|妖精
841,蘋裹龍,超極巨化,草|龍,蟲|飛行|毒|冰|龍|妖精
842,豐蜜龍,一般,草|龍,蟲|飛行|毒|冰|龍|妖精
842,豐蜜龍,超極巨化,草|龍,蟲|飛行|毒|冰|龍|妖精
843,沙包蛇,一般,地面,草|水|冰
844,沙螺蟒,一般,地面,草|水|冰
844,沙螺蟒,超極巨化,地面,草|水|冰
845,古月鳥,一般,飛行|水,電|岩石
846,刺梭魚,一般,水,草|電
847,戽斗尖梭,一般,水,草|電
848,毒電嬰,一般,電|毒,地面|超能力
849,顫弦蠑螈,一般,電|毒,地面|超能力
849,顫弦蠑螈,低調,電|毒,地面|超能力
849,顫弦蠑螈,低調的樣子/超極巨化,電|毒,地面|超能力
849,顫弦蠑螈,高調的樣子/超極巨化,電|毒,地面|超能力
850,燒火蚣,一般,火|蟲,水|飛行|岩石
851,焚焰蚣,一般,火|蟲,水|飛行|岩石
851,焚焰蚣,超極巨化,火|蟲,水|飛行|岩石
852,拳拳蛸,一般,格鬥,飛行|超能力|妖精
853,八爪武師,一般,格鬥,飛行|超能力|妖精
854,來悲茶,一般,幽靈,幽靈|惡
854,來悲茶,真品,幽靈,幽靈|惡
855,怖思壺,一般,幽靈,幽靈|惡
855,怖思壺,真品,幽靈,幽靈|惡
856,迷布莉姆,一般,超能力,蟲|幽靈|惡
857,提布莉姆,一般,超能力,蟲|幽靈|惡
858,布莉姆溫,一般,超能力|妖精,毒|幽靈|鋼
858,布莉姆溫,超極巨化,超能力|妖精,毒|幽靈|鋼
859,搗蛋小妖,一般,惡|妖精,毒|鋼|妖精
860,詐唬魔,一般,惡|妖精,毒|鋼|妖精
861,長毛巨魔,一般,惡|妖精,毒|鋼|妖精
861,長毛巨魔,超極巨化,惡|妖精,毒|鋼|妖精
862,堵攔熊,一般,惡|一般,蟲|格鬥|妖精
863,喵頭目,一般,鋼,火|地面|格鬥
864,魔靈珊瑚,一般,幽靈,幽靈|惡
865,蔥遊兵,一般,格鬥,飛行|超能力|妖精
866,踏冰人偶,一般,冰|超能力,火|蟲|岩石|幽靈|惡|鋼
867,死神板,一般,地面|幽靈,草|水|冰|幽靈|惡
868,小仙奶,一般,妖精,毒|鋼
869,霜奶仙,一般,妖精,毒|鋼
869,霜奶仙,超極巨化,妖精,毒|鋼
870,列陣兵,一般,格鬥,飛行|超能力|妖精
871,啪嚓海膽,一般,電,地面
872,雪吞蟲,一般,冰|蟲,火|飛行|岩石|鋼
873,雪絨蛾,一般,冰|蟲,火|飛行|岩石|鋼
874,巨石丁,一般,岩石,草|水|地面|格鬥|鋼
875,冰砌鵝,一般,冰,火|岩石|格鬥|鋼
875,冰砌鵝,解凍頭,冰,火|岩石|格鬥|鋼
876,愛管侍,一般,超能力|一般,蟲|惡
876,愛管侍,雌性,超能力|一般,蟲|惡
877,莫魯貝可,一般,電|惡,蟲|地面|格鬥
877,莫魯貝可,空腹花紋,電|惡,蟲|地面|格鬥
878,銅象,一般,鋼,火|地面|格鬥
879,大王銅象,一般,鋼,火|地面|格鬥
879,大王銅象,超極巨化,鋼,火|地面|格鬥
880,雷鳥龍,一般,電|龍,地面|冰|龍|妖精
881,雷鳥海獸,一般,電|冰,火|岩石|地面|格鬥
882,鰓魚龍,一般,水|龍,龍|妖精
883,鰓魚海獸,一般,水|冰,草|電|岩石|格鬥
884,鋁鋼龍,一般,鋼|龍,地面|格鬥
884,鋁鋼龍,超極巨化,鋼|龍,地面|格鬥
885,多龍梅西亞,一般,龍|幽靈,冰|幽靈|龍|惡|妖精
886,多龍奇,一般,龍|幽靈,冰|幽靈|龍|惡|妖精
887,多龍巴魯托,一般,龍|幽靈,冰|幽靈|龍|惡|妖精
888,蒼響,一般,妖精,毒|鋼
888,蒼響,劍之王,妖精|鋼,火|地面
889,藏瑪然特,一般,格鬥,飛行|超能力|妖精
889,藏瑪然特,盾之王,格鬥|鋼,火|地面|格鬥
890,無極汰那,一般,毒|龍,地面|冰|超能力|龍
891,熊徒弟,一般,格鬥,飛行|超能力|妖精
892,武道熊師,一般,格鬥|惡,飛行|格鬥|妖精
892,武道熊師,一擊流／超極巨化,格鬥|惡,飛行|格鬥|妖精
892,武道熊師,連擊流,格鬥|水,草|電|飛行|超能力|妖精
892,武道熊師,連擊流／超極巨化,格鬥|水,草|電|飛行|超能力|妖精
893,薩戮德,一般,惡|草,火|蟲|飛行|毒|冰|格鬥|妖精
894,雷吉艾勒奇,一般,電,地面
895,雷吉鐸拉戈,一般,龍,冰|龍|妖精
896,雪暴馬,一般,冰,火|岩石|格鬥|鋼
897,靈幽馬,一般,幽靈,幽靈|惡
898,蕾冠王,一般,超能力|草,火|蟲|飛行|毒|冰|幽靈|惡
898,蕾冠王,騎白馬,超能力|冰,火|蟲|岩石|幽靈|惡|鋼
898,蕾冠王,騎黑馬,超能力|幽靈,幽靈|惡
899,詭角鹿,一般,一般|超能力,蟲|惡
900,劈斧螳螂,一般,蟲|岩石,水|岩石|鋼
901,月月熊,一般,地面|一般,草|水|冰|格鬥
901,月月熊,赫月,地面|一般,草|水|冰|格鬥
902,幽尾玄魚,一般,水|幽靈,草|電|幽靈|惡
902,幽尾玄魚,雌性,水|幽靈,草|電|幽靈|惡
903,大狃拉,一般,格鬥|毒,飛行|地面|超能力
904,萬針魚,一般,惡|毒,地面
905,眷戀雲,一般,妖精|飛行,電|岩石|毒|冰|鋼
905,眷戀雲,靈獸,妖精|飛行,電|岩石|毒|冰|鋼
906,新葉喵,一般,草,火|蟲|飛行|毒|冰
907,蒂蕾喵,一般,草,火|蟲|飛行|毒|冰
908,魔幻假面喵,一般,草|惡,火|蟲|飛行|毒|冰|格鬥|妖精
909,呆火鱷,一般,火,水|岩石|地面
910,炙燙鱷,一般,火,水|岩石|地面
911,骨紋巨聲鱷,一般,火|幽靈,水|岩石|地面|幽靈|惡
912,潤水鴨,一般,水,草|電
913,湧躍鴨,一般,水,草|電
914,狂歡浪舞鴨,一般,水|格鬥,草|電|飛行|超能力|妖精
915,愛吃豚,一般,一般,格鬥
916,飄香豚,一般,一般,格鬥
916,飄香豚,雌性,一般,格鬥
917,團珠蛛,一般,蟲,火|飛行|岩石
918,操陷蛛,一般,蟲,火|飛行|岩石
919,豆蟋蟀,一般,蟲,火|飛行|岩石
920,烈腿蝗,一般,蟲|惡,火|蟲|飛行|岩石|妖精
921,布撥,一般,電,地面
922,布土撥,一般,電|格鬥,地面|超能力|妖精
923,巴布土撥,一般,電|格鬥,地面|超能力|妖精
924,一對鼠,一般,一般,格鬥
925,一家鼠,一般,一般,格鬥
925,一家鼠,四隻家庭,一般,格鬥
926,狗仔包,一般,妖精,毒|鋼
927,麻花犬,一般,妖精,毒|鋼
928,迷你芙,一般,草|一般,火|蟲|飛行|毒|冰|格鬥
929,奧利紐,一般,草|一般,火|蟲|飛行|毒|冰|格鬥
930,奧利瓦,一般,草|一般,火|蟲|飛行|毒|冰|格鬥
931,怒鸚哥,一般,一般|飛行,電|岩石|冰
931,怒鸚哥,白羽毛,一般|飛行,電|岩石|冰
931,怒鸚哥,藍羽毛,一般|飛行,電|岩石|冰
931,怒鸚哥,黃羽毛,一般|飛行,電|岩石|冰
932,鹽石寶,一般,岩石,草|水|地面|格鬥|鋼
933,鹽石壘,一般,岩石,草|水|地面|格鬥|鋼
934,鹽石巨靈,一般,岩石,草|水|地面|格鬥|鋼
935,炭小侍,一般,火,水|岩石|地面
936,紅蓮鎧騎,一般,火|超能力,水|岩石|地面|幽靈|惡
937,蒼炎刃鬼,一般,火|幽靈,水|岩石|地面|幽靈|惡
938,光蚪仔,一般,電,地面
939,電肚蛙,一般,電,地面
940,電海燕,一般,電|飛行,岩石|冰
941,大電海燕,一般,電|飛行,岩石|冰
942,偶叫獒,一般,惡,蟲|格鬥|妖精
943,獒教父,一般,惡,蟲|格鬥|妖精
944,滋汁鼴,一般,毒|一般,地面|超能力
945,塗標客,一般,毒|一般,地面|超能力
946,納噬草,一般,草|幽靈,火|飛行|冰|幽靈|惡
947,怖納噬草,一般,草|幽靈,火|飛行|冰|幽靈|惡
948,原野水母,一般,地面|草,火|蟲|飛行|冰
949,陸地水母,一般,地面|草,火|蟲|飛行|冰
950,毛崖蟹,一般,岩石,草|水|地面|格鬥|鋼
951,熱辣娃,一般,草,火|蟲|飛行|毒|冰
952,狠辣椒,一般,草|火,飛行|岩石|毒
953,蟲滾泥,一般,蟲,火|飛行|岩石
954,蟲甲聖,一般,蟲|超能力,火|蟲|飛行|岩石|幽靈|惡
955,飄飄雛,一般,超能力,蟲|幽靈|惡
956,超能豔鴕,一般,超能力,蟲|幽靈|惡
957,小鍛匠,一般,妖精|鋼,火|地面
958,巧鍛匠,一般,妖精|鋼,火|地面
959,巨鍛匠,一般,妖精|鋼,火|地面
960,海地鼠,一般,水,草|電
961,三海地鼠,一般,水,草|電
962,下石鳥,一般,飛行|惡,電|岩石|冰|妖精
963,波普海豚,一般,水,草|電
964,海豚俠,一般,水,草|電
964,海豚俠,全能,水,草|電
965,噗隆隆,一般,鋼|毒,火|地面
966,普隆隆姆,一般,鋼|毒,火|地面
967,摩托蜥,一般,龍|一般,冰|格鬥|龍|妖精
968,拖拖蚓,一般,鋼,火|地面|格鬥
969,晶光芽,一般,岩石|毒,水|地面|超能力|鋼
970,晶光花,一般,岩石|毒,水|地面|超能力|鋼
971,墓仔狗,一般,幽靈,幽靈|惡
972,墓揚犬,一般,幽靈,幽靈|惡
973,纏紅鶴,一般,飛行|格鬥,電|飛行|冰|超能力|妖精
974,走鯨,一般,冰,火|岩石|格鬥|鋼
975,浩大鯨,一般,冰,火|岩石|格鬥|鋼
976,輕身鱈,一般,水|超能力,草|電|蟲|幽靈|惡
977,吃吼霸,一般,水,草|電
978,米立龍,一般,龍|水,龍|妖精
978,米立龍,下垂姿勢,龍|水,龍|妖精
978,米立龍,平挺姿勢,龍|水,龍|妖精
979,棄世猴,一般,格鬥|幽靈,飛行|超能力|幽靈|妖精
980,土王,一般,毒|地面,水|地面|冰|超能力
981,奇麒麟,一般,一般|超能力,蟲|惡
982,土龍節節,一般,一般,格鬥
982,土龍節節,三節,一般,格鬥
983,仆斬將軍,一般,惡|鋼,火|地面|格鬥
984,雄偉牙,一般,地面|格鬥,草|水|飛行|冰|超能力|妖精
985,吼叫尾,一般,妖精|超能力,毒|幽靈|鋼
986,猛惡菇,一般,草|惡,火|蟲|飛行|毒|冰|格鬥|妖精
987,振翼髮,一般,幽靈|妖精,幽靈|鋼
988,爬地翅,一般,蟲|格鬥,火|飛行|超能力|妖精
989,沙鐵皮,一般,電|地面,草|水|地面|冰
990,鐵轍跡,一般,地面|鋼,火|水|地面|格鬥
991,鐵包袱,一般,冰|水,草|電|岩石|格鬥
992,鐵臂膀,一般,格鬥|電,地面|超能力|妖精
993,鐵脖頸,一般,惡|飛行,電|岩石|冰|妖精
994,鐵毒蛾,一般,火|毒,水|岩石|地面|超能力
995,鐵荊棘,一般,岩石|電,草|水|地面|格鬥
996,涼脊龍,一般,龍|冰,岩石|格鬥|龍|鋼|妖精
997,凍脊龍,一般,龍|冰,岩石|格鬥|龍|鋼|妖精
998,戟脊龍,一般,龍|冰,岩石|格鬥|龍|鋼|妖精
999,索財靈,一般,幽靈,幽靈|惡
999,索財靈,徒步,幽靈,幽靈|惡
1000,賽富豪,一般,鋼|幽靈,火|地面|幽靈|惡
1001,古簡蝸,一般,惡|草,火|蟲|飛行|毒|冰|格鬥|妖精
1002,古劍豹,一般,惡|冰,火|蟲|岩石|格鬥|鋼|妖精
1003,古鼎鹿,一般,惡|地面,草|水|蟲|冰|格鬥|妖精
1004,古玉魚,一般,惡|火,水|岩石|地面|格鬥
1005,轟鳴月,一般,龍|惡,蟲|冰|格鬥|龍|妖精
1006,鐵武者,一般,妖精|格鬥,飛行|毒|超能力|鋼|妖精
1007,故勒頓,一般,格鬥|龍,飛行|冰|超能力|龍|妖精
1008,密勒頓,一般,電|龍,地面|冰|龍|妖精
1009,波盪水,一般,水|龍,龍|妖精
1010,鐵斑葉,一般,草|超能力,火|蟲|飛行|毒|冰|幽靈|惡
1011,裹蜜蟲,一般,草|龍,蟲|飛行|毒|冰|龍|妖精
1012,斯魔茶,一般,草|幽靈,火|飛行|冰|幽靈|惡
1012,斯魔茶,高檔貨,草|幽靈,火|飛行|冰|幽靈|惡
1013,來悲粗茶,一般,草|幽靈,火|飛行|冰|幽靈|惡
1013,來悲粗茶,傑作,草|幽靈,火|飛行|冰|幽靈|惡
1014,夠讚狗,一般,毒|格鬥,飛行|地面|超能力
1015,願增猿,一般,毒|超能力,地面|幽靈|惡
1016,吉雉雞,一般,毒|妖精,地面|超能力|鋼
1017,厄鬼椪,一般,草,火|蟲|飛行|毒|冰
1017,厄鬼椪,水井面具,草|水,蟲|飛行|毒
1017,厄鬼椪,火灶面具,草|火,飛行|岩石|毒
1017,厄鬼椪,礎石面具,草|岩石,蟲|冰|格鬥|鋼
1018,鋁鋼橋龍,一般,鋼|龍,地面|格鬥
1019,蜜集大蛇,一般,草|龍,蟲|飛行|毒|冰|龍|妖精
1020,破空焰,一般,火|龍,岩石|地面|龍
1021,猛雷鼓,一般,電|龍,地面|冰|龍|妖精
1022,鐵磐岩,一般,岩石|超能力,草|水|蟲|地面|幽靈|惡|鋼
1023,鐵頭殼,一般,鋼|超能力,火|地面|幽靈|惡
1024,太樂巴戈斯,一般,一般,格鬥
1024,太樂巴戈斯,太晶,一般,格鬥
1024,太樂巴戈斯,星晶,一般,格鬥
1025,桃歹郎,一般,毒|幽靈,地面|超能力|幽靈|惡
