Score,Dex,Pokemon,Type 1,Type 2,Region,Form Type,Shadow,Mega,Alt Form,Gender,Size,Weather,CP,ATK,DEF,HP,Level,Fast Move,Charge Move 1,Charge Move 2,Fast Turns,Charge 1 Turns,Buddy Distance,Second Move Cost,Stat Product
97.1,375,Metang,steel,psychic,-,-,-,-,-,-,-,-,1498,109,145.8,129,36,Fury Cutter,Psyshock,Gyro Ball,-,-,5,-,2049614
96.9,689,Barbaracle,rock,water,-,-,-,-,-,-,-,-,1499,121,133.1,115,20.5,Fury Cutter,Cross Chop,Stone Edge,-,-,3,-,1851007
96.9,350,Milotic,water,none,-,-,-,-,-,-,-,-,1498,113.2,133.9,131,18.5,Dragon Tail,Aqua Tail,Wrap,-,-,5,-,1985080
96.3,768,Golisopod,bug,water,-,-,-,-,-,-,-,-,1499,124.1,134.7,108,17.5,Fury Cutter,X-Scissor,Aqua Jet,-,-,1,-,1804489
95.5,706,Goodra,dragon,none,-,-,-,-,-,-,-,-,1499,119.7,134.1,117,16,Dragon Breath,Aqua Tail,Thunder Punch*,-,-,5,-,1878306
95.5,130,Gyarados,water,flying,-,-,-,-,-,-,-,-,1498,130.8,108.5,121,16.5,Dragon Breath,Twister,Aqua Tail*,-,-,1,-,1717312
95.1,863,Perrserker,steel,none,-,-,-,-,-,-,-,-,1500,128.8,113.4,119,23,Shadow Claw,Close Combat,Trailblaze,-,-,3,-,1737649
94.7,372,Shelgon,dragon,none,-,-,-,-,-,-,-,-,1498,123.3,119.1,123,27.5,Dragon Breath,Twister,Flamethrower,-,-,5,-,1806077
93.8,624,Pawniard,dark,steel,-,-,-,-,-,-,-,-,1497,132,107.8,119,49,Fury Cutter,Night Slash,X-Scissor,-,-,5,-,1692305
93.8,705,Sliggoo,dragon,none,-,-,-,-,-,-,-,-,1499,114.2,133.8,128,27.5,Dragon Breath,Body Slam,Dragon Pulse,-,-,5,-,1955692
93.6,334,Altaria,dragon,flying,-,-,-,-,-,-,-,-,1499,103.4,151.9,138,28.5,Dragon Breath,Moonblast*,Flamethrower,-,-,1,-,2167763
92.9,9,Blastoise,water,none,-,-,-,-,-,-,-,-,1500,112.1,137.7,130,23,Rollout,Hydro Cannon*,Skull Bash,-,-,3,-,2007546
92.5,131,Lapras,water,ice,-,-,-,-,-,-,-,-,1499,104.7,114.6,179,21.5,Psywave,Sparkling Aria,Dragon Pulse*,-,-,5,-,2147136
92.3,87,Dewgong,water,ice,-,-,-,-,-,-,-,-,1498,102,136.9,157,28.5,Ice Shard*,Icy Wind*,Drill Run,-,-,3,-,2192411
92.1,119,Seaking,water,none,-,-,-,-,-,-,-,-,1500,121.9,109,138,26,Peck,Drill Run*,Megahorn,-,-,3,-,1833820
91.7,365,Walrein,ice,water,-,-,-,-,-,-,-,-,1500,112.5,114.9,154,20.5,Powder Snow*,Icicle Spear*,Earthquake,-,-,3,-,1990879
91.3,279,Pelipper,water,flying,-,-,-,-,-,-,-,-,1500,123.3,128.7,115,26,Wing Attack,Weather Ball (Water),Hurricane,-,-,3,-,1825336
90.8,148,Dragonair,dragon,none,-,-,-,-,-,-,-,-,1499,125.2,112.5,127,33,Dragon Breath,Aqua Tail,Wrap,-,-,5,-,1788369
90.7,502,Dewott,water,none,-,-,-,-,-,-,-,-,1496,122.6,99.8,149,35,Fury Cutter,X-Scissor,Aqua Tail,-,-,3,-,1822620
90.4,977,Dondozo,water,none,-,-,-,-,-,-,-,-,1499,104.6,109.7,187,18.5,Waterfall,Outrage,Liquidation,-,-,5,-,2146006
90,230,Kingdra,water,dragon,-,-,-,-,-,-,-,-,1497,121.8,127.9,118,21,Dragon Breath,Swift,Surf,-,-,3,-,1839109
89.9,28,Sandslash,ice,steel,Alolan,-,-,-,-,-,-,-,1499,116,133.3,125,23,Powder Snow,Drill Run,Ice Punch,-,-,3,-,1931513
89.7,457,Lumineon,water,none,-,-,-,-,-,-,-,-,1498,109,137.4,137,32.5,Gust,Aqua Tail,Silver Wind,-,-,3,-,2052476
89.5,437,Bronzong,steel,psychic,-,-,-,-,-,-,-,-,1500,110.9,152.3,120,25,Confusion,Psyshock,Weather Ball (Water),-,-,3,-,2026242
89.2,149,Dragonite,dragon,flying,-,-,-,-,-,-,-,-,1498,135.8,107.3,113,14.5,Dragon Breath,Superpower,Thunder Punch,-,-,5,-,1647398
89.1,828,Thievul,dark,none,-,-,-,-,-,-,-,-,1494,119.9,121.9,127,26,Sucker Punch,Night Slash,Play Rough,-,-,1,-,1856410
88.7,634,Zweilous,dark,dragon,-,-,-,-,-,-,-,-,1498,120.5,110.2,140,30.5,Dragon Breath,Body Slam,Dark Pulse,-,-,5,-,1859224
88.4,920,Lokix,bug,dark,-,-,-,-,-,-,-,-,1499,132.9,104.1,122,24,Sucker Punch,X-Scissor,Trailblaze,-,-,1,-,1686502
88.4,364,Sealeo,ice,water,-,-,-,-,-,-,-,-,1500,109,112.8,168,36,Powder Snow,Body Slam,Surf,-,-,3,-,2065168
87.9,691,Dragalge,poison,dragon,-,-,-,-,-,-,-,-,1500,117.9,143.1,113,23.5,Dragon Tail,Outrage,Aqua Tail,-,-,3,-,1906032
87.7,452,Drapion,poison,dark,-,-,-,-,-,-,-,-,1500,117.9,136.9,118,22.5,Poison Sting,Crunch,Aqua Tail,-,-,5,-,1903472
87.7,503,Samurott,water,none,-,-,-,-,-,-,-,-,1500,128,100.9,136,19.5,Fury Cutter,Hydro Cannon*,Megahorn,-,-,3,-,1756037
87.3,351,Castform,water,none,-,-,-,-,-,-,-,Rainy,1500,112.6,121.3,146,39.5,Water Gun,Weather Ball (Water),Thunder,-,-,5,-,1993800
87.1,321,Wailord,water,none,-,-,-,-,-,-,-,-,1497,118.4,67.4,237,24.5,Rollout,Surf,Return<sup>†</sup>,-,-,1,-,1891875
86.9,687,Malamar,dark,psychic,-,-,-,-,-,-,-,-,1493,117.2,116.6,139,23.5,Psywave,Superpower,Foul Play,-,-,3,-,1899127
86.8,186,Politoed,water,none,-,-,-,-,-,-,-,-,1498,114,124.3,139,23,Mud Shot,Weather Ball (Water),Earthquake*,-,-,3,-,1970072
86.3,983,Kingambit,dark,steel,-,-,-,-,-,-,-,-,1500,127.3,112,124,15.5,Metal Sound,Foul Play,X-Scissor,-,-,5,-,1768045
86.2,503,Samurott,water,dark,Hisuian,-,-,-,-,-,-,-,1499,132.6,96.8,132,20,Fury Cutter,Sacred Sword,X-Scissor,-,-,3,-,1694230
85.6,435,Skuntank,poison,dark,-,-,-,-,-,-,-,-,1493,121.7,95.2,158,23.5,Poison Jab,Trailblaze,Crunch,-,-,3,-,1831135
85.1,997,Arctibax,dragon,ice,-,-,-,-,-,-,-,-,1500,122.9,98.6,151,27,Dragon Breath,Avalanche,Dragon Claw,-,-,5,-,1828678
84.9,73,Tentacruel,water,poison,-,-,-,-,-,-,-,-,1495,108.9,143.5,131,23,Acid,Scald,Payback,-,-,3,-,2047453
84.8,227,Skarmory,steel,flying,-,-,-,-,-,-,-,-,1500,105.5,166.6,121,27,Air Slash,Brave Bird,Sky Attack,-,-,5,-,2126860
84.7,373,Salamence,dragon,flying,-,-,-,-,-,-,-,-,1497,143.5,93.1,117,14.5,Dragon Tail,Fly,Brutal Swing,-,-,5,-,1562473
84.3,304,Aron,steel,rock,-,-,-,-,-,-,-,-,1478,114.3,131.1,127,50,Metal Sound,Rock Tomb,Body Slam,-,-,1,-,1902550
84.2,601,Klinklang,steel,none,-,-,-,-,-,-,-,-,1497,124.3,139.6,104,21,Thunder Shock,Zap Cannon,Mirror Shot,-,-,5,-,1803808
84.1,141,Kabutops,rock,water,-,-,-,-,-,-,-,-,1498,135.5,119.8,102,20.5,Fury Cutter*,Stone Edge,Aqua Jet,-,-,5,-,1654897
84.1,376,Metagross,steel,psychic,-,-,-,-,-,-,-,-,1498,132.8,122.1,104,14.5,Fury Cutter,Meteor Mash*,Earthquake,-,-,5,-,1685821
84,320,Wailmer,water,none,-,-,-,-,-,-,-,-,1499,116.6,68.3,242,48.5,Rollout,Body Slam,Scald,-,-,1,-,1926826
83.1,248,Tyranitar,rock,dark,-,-,-,-,-,-,-,-,1500,129.7,111.4,120,14.5,Dragon Breath,Brutal Swing,Stone Edge,-,-,5,-,1734171
82.8,306,Aggron,steel,rock,-,-,-,-,-,-,-,-,1500,116.6,155.7,106,18.5,Dragon Tail,Meteor Beam,Rock Tomb,-,-,1,-,1925111
82.8,635,Hydreigon,dark,dragon,-,-,-,-,-,-,-,-,1500,136.1,104.5,116,15,Dragon Breath,Brutal Swing*,Fly,-,-,5,-,1649711
82.7,27,Sandshrew,ice,steel,Alolan,-,-,-,-,-,-,-,1462,117.6,121,127,50,Powder Snow,Night Slash,Gyro Ball,-,-,3,-,1807853
82.2,369,Relicanth,water,rock,-,-,-,-,-,-,-,-,1499,105.2,133.7,152,22.5,Water Gun,Ancient Power,Aqua Tail,-,-,5,-,2137627
82,962,Bombirdier,flying,dark,-,-,-,-,-,-,-,-,1497,127.8,117.2,117,22,Sucker Punch,Fly,Rock Tomb,-,-,5,-,1752237
81.9,581,Swanna,water,flying,-,-,-,-,-,-,-,-,1497,128.6,101.1,134,26.5,Gust,Fly,Aqua Jet,-,-,3,-,1741978
81.5,211,Qwilfish,water,poison,-,-,-,-,-,-,-,-,1497,131.2,105.5,123,27,Poison Sting,Aqua Tail,Shadow Ball,-,-,3,-,1702587
81.2,780,Drampa,normal,dragon,-,-,-,-,-,-,-,-,1499,136.8,104.2,115,19,Dragon Breath,Swift,Outrage,-,-,5,-,1640140
81.2,8,Wartortle,water,none,-,-,-,-,-,-,-,-,1496,107.6,139.1,139,47.5,Water Gun,Aqua Jet,Ice Beam,-,-,3,-,2080282
81,262,Mightyena,dark,none,-,-,-,-,-,-,-,-,1497,125.9,105.8,133,29,Sucker Punch,Crunch,Poison Fang,-,-,1,-,1770707
80.5,160,Feraligatr,water,none,-,-,-,-,-,-,-,-,1500,123.9,117.4,125,19.5,Shadow Claw,Hydro Cannon*,Crunch,-,-,3,-,1817697
80.1,305,Lairon,steel,rock,-,-,-,-,-,-,-,-,1500,113.8,147.2,118,27,Metal Sound,Rock Tomb,Rock Slide,-,-,1,-,1976790
79.6,88,Grimer,poison,dark,Alolan,-,-,-,-,-,-,-,1497,122.8,86.9,171,49,Poison Jab,Crunch,Sludge Bomb,-,-,3,-,1824029
79.6,198,Murkrow,dark,flying,-,-,-,-,-,-,-,-,1499,143.2,81.1,135,41,Peck,Drill Peck,Foul Play,-,-,3,-,1567720
79.2,966,Revavroom,steel,poison,-,-,-,-,-,-,-,-,1500,135.7,102.5,119,19,Poison Jab,Gyro Ball,Overheat,-,-,3,-,1654542
79,121,Starmie,water,psychic,-,-,-,-,-,-,-,-,1500,133.2,122,104,21.5,Psywave,Aqua Jet,Power Gem,-,-,3,-,1689998
78.6,594,Alomomola,water,none,-,-,-,-,-,-,-,-,1499,97.4,99.5,238,26,Waterfall,Psychic,Hydro Pump,-,-,5,-,2305528
78.4,89,Muk,poison,dark,Alolan,-,-,-,-,-,-,-,1491,115.9,111.7,148,20,Poison Jab,Dark Pulse,Sludge Wave,-,-,3,-,1916176
78.4,20,Raticate,dark,normal,Alolan,-,-,-,-,-,-,-,1497,107.1,130.2,150,36.5,Quick Attack,Crunch,Hyper Fang,-,-,1,-,2090786
78.2,621,Druddigon,dragon,none,-,-,-,-,-,-,-,-,1499,131.2,111.3,117,20.5,Dragon Tail,Night Slash,Rock Tomb,-,-,5,-,1708917
78.1,140,Kabuto,rock,water,-,-,-,-,-,-,-,-,1499,134.5,129.5,96,49,Mud Shot,Rock Tomb,Aqua Jet,-,-,5,-,1671529
77.8,998,Baxcalibur,dragon,ice,-,-,-,-,-,-,-,-,1500,135.7,95.7,127,15.5,Dragon Breath,Glaive Rush*,Avalanche,-,-,5,-,1649572
77.8,222,Corsola,water,rock,-,-,-,-,-,-,-,-,1500,108.6,142,134,49,Bubble,Power Gem,Rock Blast,-,-,3,-,2066246
77.6,996,Frigibax,dragon,ice,-,-,-,-,-,-,-,-,1410,125.2,84.9,149,50,Dragon Breath,Avalanche,Dragon Claw,-,-,5,-,1583298
77.5,565,Carracosta,water,rock,-,-,-,-,-,-,-,-,1499,121.4,127,120,21.5,Rock Throw,Body Slam,Ancient Power,-,-,5,-,1849862
77.5,138,Omanyte,rock,water,-,-,-,-,-,-,-,-,1500,128,135.3,101,43,Mud Shot,Rock Tomb*,Rock Blast,-,-,5,-,1749618
77.1,625,Bisharp,dark,steel,-,-,-,-,-,-,-,-,1500,139.8,109.7,105,19.5,Snarl,X-Scissor,Dark Pulse,-,-,5,-,1610607
76.3,884,Duraludon,steel,dragon,-,-,-,-,-,-,-,-,1497,137.7,112.2,105,18,Dragon Tail,Dragon Claw,Flash Cannon,-,-,5,-,1622747
75.7,134,Vaporeon,water,none,-,-,-,-,-,-,-,-,1500,118.5,96.9,165,18,Water Gun,Aqua Tail,Last Resort*,-,-,5,-,1894159
75.6,611,Fraxure,dragon,none,-,-,-,-,-,-,-,-,1500,144.3,91.5,118,25,Dragon Tail,Night Slash,Dragon Claw,-,-,5,-,1557842
75.5,80,Slowbro,water,psychic,-,-,-,-,-,-,-,-,1500,113.4,120.9,144,22,Confusion,Drain Punch,Surf*,-,-,3,-,1974848
75.2,55,Golduck,water,none,-,-,-,-,-,-,-,-,1499,124.2,112.2,129,22.5,Confusion,Cross Chop,Liquidation,-,-,3,-,1796871
74.9,658,Greninja,water,dark,-,-,-,-,-,-,-,-,1500,139.6,100.4,115,21,Water Shuriken,Night Slash,Hydro Cannon*,-,-,3,-,1611397
74.9,139,Omastar,rock,water,-,-,-,-,-,-,-,-,1500,126.6,128.4,109,20,Mud Shot,Rock Slide*,Hydro Pump,-,-,5,-,1773092
74.2,400,Bibarel,normal,water,-,-,-,-,-,-,-,-,1498,123,99.3,149,31.5,Rollout,Hyper Fang,Surf,-,-,1,-,1818797
73.3,422,Shellos,water,none,-,-,-,-,-,-,-,-,1284,99.2,100.8,166,50,Mud Slap,Body Slam,Mud Bomb,-,-,3,-,1659740
73,79,Slowpoke,water,psychic,-,-,-,-,-,-,-,-,1386,104.2,95,186,50,Confusion,Psyshock,Water Pulse,-,-,3,-,1840271
71.2,612,Haxorus,dragon,none,-,-,-,-,-,-,-,-,1500,151.5,95.2,103,15.5,Dragon Tail,Night Slash,Dragon Claw,-,-,5,-,1485200
71.1,913,Quaxwell,water,none,-,-,-,-,-,-,-,-,1500,125.4,103.5,138,34,Wing Attack,Aqua Jet,Aerial Ace,-,-,3,-,1792214
70.9,779,Bruxish,water,psychic,-,-,-,-,-,-,-,-,1495,136.5,102.5,117,23,Confusion,Aqua Tail,Psyshock,-,-,3,-,1636557
70.6,61,Poliwhirl,water,none,-,-,-,-,-,-,-,-,1500,114.3,116,148,50,Mud Shot,Mud Bomb,Scald*,-,-,3,-,1961320
70.5,564,Tirtouga,water,rock,-,-,-,-,-,-,-,-,1500,114.4,132.5,130,46.5,Water Gun,Body Slam,Ancient Power,-,-,5,-,1969593
70.3,729,Brionne,water,none,-,-,-,-,-,-,-,-,1500,125.9,117.1,121,30,Charm,Aqua Jet,Disarming Voice,-,-,3,-,1782789
69.5,159,Croconaw,water,none,-,-,-,-,-,-,-,-,1500,117.7,120,135,35.5,Water Gun,Crunch,Ice Punch,-,-,3,-,1907626
68.2,394,Prinplup,water,none,-,-,-,-,-,-,-,-,1498,118.6,117.1,136,36.5,Bubble,Icy Wind,Return<sup>†</sup>,-,-,3,-,1888948
68.1,53,Persian,dark,none,Alolan,-,-,-,-,-,-,-,1498,122.4,112.6,133,34,Feint Attack,Foul Play,Trailblaze,-,-,3,-,1833307
67.9,264,Linoone,dark,normal,Galarian,-,-,-,-,-,-,-,1497,114.1,111.8,154,38.5,Snarl,Body Slam,Dig,-,-,1,-,1965124
67.3,117,Seadra,water,none,-,-,-,-,-,-,-,-,1494,131.3,117.6,110,26.5,Dragon Breath,Dragon Pulse,Return<sup>†</sup>,-,-,3,-,1699030
67.2,72,Tentacool,water,poison,-,-,-,-,-,-,-,-,1176,94.1,137.8,113,50,Poison Sting,Wrap,Water Pulse,-,-,3,-,1465578
67.1,199,Slowking,water,psychic,-,-,-,-,-,-,-,-,1500,113.4,120.9,144,22,Confusion,Surf*,Psychic,-,-,3,-,1974848
67.1,571,Zoroark,dark,none,-,-,-,-,-,-,-,-,1500,157.3,88,103,21.5,Shadow Claw,Foul Play,Night Shade,-,-,5,-,1425304
66.6,342,Crawdaunt,water,dark,-,-,-,-,-,-,-,-,1498,144.7,98.4,109,22,Snarl,Night Slash,Scald,-,-,3,-,1551934
66.6,458,Mantyke,water,flying,-,-,-,-,-,-,-,-,1411,100.8,163,120,50,Bubble,Aerial Ace,Water Pulse,-,-,5,-,1972572
66.4,696,Tyrunt,rock,dragon,-,-,-,-,-,-,-,-,1498,126.6,107.9,129,38.5,Dragon Tail,Rock Tomb,Dragon Claw,-,-,5,-,1762642
65.9,430,Honchkrow,dark,flying,-,-,-,-,-,-,-,-,1500,150,68.9,145,20.5,Peck,Brave Bird,Dark Pulse,-,-,3,-,1499623
65.3,690,Skrelp,poison,water,-,-,-,-,-,-,-,-,1202,104.2,104.2,127,50,Acid,Twister,Aqua Tail,-,-,3,-,1378846
65,715,Noivern,flying,dragon,-,-,-,-,-,-,-,-,1500,125.5,113.5,126,20,Gust,Hurricane,Heat Wave,-,-,5,-,1794213
65,224,Octillery,water,none,-,-,-,-,-,-,-,-,1495,131.5,100.8,128,24,Lock On,Water Pulse,Gunk Shot,-,-,1,-,1696917
64.6,461,Weavile,dark,ice,-,-,-,-,-,-,-,-,1500,141.9,105.1,106,18.5,Snarl,Foul Play,Avalanche,-,-,3,-,1581752
64.4,99,Kingler,water,none,-,-,-,-,-,-,-,-,1500,144.5,115.6,93,19.5,Mud Shot*,Razor Shell,X-Scissor,-,-,3,-,1553975
63.6,419,Floatzel,water,none,-,-,-,-,-,-,-,-,1500,143.8,81.7,133,22.5,Waterfall,Swift,Aqua Jet,-,-,3,-,1563742
63.3,91,Cloyster,water,ice,-,-,-,-,-,-,-,-,1498,119,169.8,93,22,Ice Shard,Avalanche,Liquidation,-,-,3,-,1879927
63.3,904,Overqwil,dark,poison,-,-,-,-,-,-,-,-,1498,131,106.9,122,18.5,Poison Sting,Shadow Ball,Dark Pulse,-,-,5,-,1708017
63.3,697,Tyrantrum,rock,dragon,-,-,-,-,-,-,-,-,1493,129.1,115.1,116,17.5,Dragon Tail,Meteor Beam,Rock Tomb,-,-,5,-,1723842
61.7,215,Sneasel,dark,ice,-,-,-,-,-,-,-,-,1497,134,111.8,111,27,Ice Shard,Foul Play,Avalanche,-,-,3,-,1661900
61.6,367,Huntail,water,none,-,-,-,-,-,-,-,-,1497,130.8,125.6,104,23.5,Water Gun,Aqua Tail,Crunch,-,-,3,-,1709128
60.6,211,Qwilfish,dark,poison,Hisuian,-,-,-,-,-,-,-,1494,128.1,112.4,121,26,Poison Sting,Shadow Ball,Dark Pulse,-,-,3,-,1741533
59.4,434,Stunky,poison,dark,-,-,-,-,-,-,-,-,1301,114.3,88.2,147,50,Bite,Trailblaze,Crunch,-,-,3,-,1482226
57.7,550,Basculin,water,none,-,-,-,-,-,-,-,-,1500,134,97.2,129,27,Tackle,Aqua Tail,Aqua Jet,-,-,1,-,1679476
57.1,98,Krabby,water,none,-,-,-,-,-,-,-,-,1498,148.1,111.2,92,42,Mud Shot,Bubble Beam,Razor Shell,-,-,3,-,1515235
56.7,86,Seel,water,none,-,-,-,-,-,-,-,-,1098,84,114.3,149,50,Lick,Aqua Tail,Icy Wind,-,-,3,-,1430849
56.3,965,Varoom,steel,poison,-,-,-,-,-,-,-,-,1287,116,102.5,120,50,Poison Jab,Gyro Ball,Gunk Shot,-,-,3,-,1426556
55.6,359,Absol,dark,none,-,-,-,-,-,-,-,-,1498,156.6,84,109,22,Psycho Cut,Dark Pulse,Megahorn,-,-,5,-,1433529
55.6,366,Clamperl,water,none,-,-,-,-,-,-,-,-,1436,124.4,126,105,50,Water Gun,Body Slam,Water Pulse,-,-,3,-,1645929
54.9,510,Liepard,dark,none,-,-,-,-,-,-,-,-,1496,139.8,88.5,129,30,Snarl,Dark Pulse,Play Rough,-,-,1,-,1596153
54,118,Goldeen,water,none,-,-,-,-,-,-,-,-,1302,116,105,120,50,Peck,Aqua Tail,Horn Attack,-,-,3,-,1461636
52.1,692,Clauncher,water,none,-,-,-,-,-,-,-,-,1230,103.4,110.9,127,50,Water Gun,Aqua Jet,Crabhammer,-,-,3,-,1455967
51.7,158,Totodile,water,none,-,-,-,-,-,-,-,-,1279,110.9,104.2,127,50,Water Gun,Aqua Jet,Crunch,-,-,3,-,1467804
51.5,961,Wugtrio,water,none,-,-,-,-,-,-,-,-,1499,151.1,108.6,90,29,Mud Slap,Dig,Surf,-,-,3,-,1476993
51.4,341,Corphish,water,none,-,-,-,-,-,-,-,-,1391,131.1,95.8,117,50,Bubble,Return<sup>†</sup>,Aqua Jet,-,-,3,-,1469211
50.2,728,Popplio,water,none,-,-,-,-,-,-,-,-,1276,113.4,99.2,127,50,Water Gun,Aqua Tail,Aqua Jet,-,-,3,-,1428526
49.8,319,Sharpedo,water,dark,-,-,-,-,-,-,-,-,1498,166.6,64.1,126,25.5,Waterfall,Crunch,Poison Fang,-,-,3,-,1345428
47.6,516,Simipour,water,none,-,-,-,-,-,-,-,-,1496,136,95.8,126,23.5,Water Gun,Crunch,Surf,-,-,3,-,1642252
47.1,693,Clawitzer,water,none,-,-,-,-,-,-,-,-,1497,134.4,110.5,112,20,Smack Down,Crabhammer,Dark Pulse,-,-,3,-,1663806
45.3,393,Piplup,water,none,-,-,-,-,-,-,-,-,1215,106.7,98.3,131,50,Bubble,Drill Peck,Icy Wind,-,-,3,-,1374452
43.6,817,Drizzile,water,none,-,-,-,-,-,-,-,-,1499,137.9,92.1,128,29.5,Water Gun,Surf,Water Pulse,-,-,3,-,1626045
43.6,657,Frogadier,water,none,-,-,-,-,-,-,-,-,1500,134.5,100.9,123,38.5,Bubble,Surf,Aerial Ace,-,-,3,-,1668029
43.1,610,Axew,dragon,none,-,-,-,-,-,-,-,-,1495,138.7,96.1,121,49,Scratch,Dragon Claw,Aqua Tail,-,-,5,-,1611671
41.6,368,Gorebyss,water,none,-,-,-,-,-,-,-,-,1499,136.2,121,100,22.5,Confusion,Water Pulse,Draining Kiss,-,-,3,-,1648806
37.1,818,Inteleon,water,none,-,-,-,-,-,-,-,-,1500,153.4,89.1,107,18.5,Water Gun,Shadow Ball,Surf,-,-,3,-,1461879
