評分,圖鑑編號,寶可夢,第一屬性,第二屬性,地區,型態別,暗影,Mega進化,其他形態,性別,尺寸,天氣,CP,攻擊力,防禦力,HP,等級,一般招式,特殊招式1,特殊招式2,幾下可用特招1,幾下可用特招2,夥伴行走距離,開第二招星塵花費,Stat Product
97.2,131,拉普拉斯,水,冰,-,-,-,-,-,-,-,-,2495,134,149.8,231,40.5,精神波,泡影詠歎調,冰凍光束*,12,14,5,75000,4637587
97.1,823,鋼鎧鴉,飛行,鋼,-,-,-,-,-,-,-,-,2497,137.8,170,193,47,潑沙,空氣利刃*,以牙還牙,9,15,1,10000,4522355
97,379,雷吉斯奇魯,鋼,,-,-,-,-,-,-,-,-,2498,122.8,243.1,170,49,鎖定,加農光炮,電磁炮*,13,16,20,100000,5073927
96.8,671,花潔夫人,妖精,,-,-,-,-,-,-,-,-,2496,154,183.3,143,28.5,妖精之風,潑冷水*,魅惑之聲,5,5,3,50000,4037457
96.6,326,噗噗豬,超能力,,-,-,-,-,-,-,-,-,2498,147,168.7,171,49,精神波,爆裂拳,暗影球,12,13,1,10000,4241751
96.3,487,騎拉帝納,幽靈,龍,-,-,-,-,別種,-,-,-,2494,134.5,168.1,204,27.5,龍息,龍爪,影子偷襲,13,13,20,100000,4613304
95.2,477,黑夜魔靈,幽靈,,-,-,-,-,-,-,-,-,2493,153.2,222.4,119,48.5,驚嚇,爆裂拳,暗影拳,5,4,3,50000,4054725
95.1,823,鋼鎧鴉,飛行,鋼,-,-,暗影,-,-,-,-,-,2497,137.8,170,193,47,潑沙,空氣利刃*,以牙還牙,9,15,1,10000,4522355
95.1,895,雷吉鐸拉戈,龍,,-,-,-,-,-,-,-,-,2496,154.6,84.4,309,32.5,龍息*,巨龍威能*,夾住,12,10,20,100000,4030826
94.7,477,黑夜魔靈,幽靈,,-,-,暗影,-,-,-,-,-,2493,153.2,222.4,119,48.5,驚嚇,爆裂拳,暗影拳,5,4,3,50000,4054725
94.4,146,火焰鳥,惡,飛行,伽勒爾,-,-,-,-,-,-,-,2490,149.5,175.6,158,29.5,突襲,飛翔,勇鳥猛攻,7,8,20,100000,4146723
94.2,36,皮可西,妖精,,-,-,-,-,-,-,-,-,2500,150.7,144,191,47.5,妖精之風,彗星拳,月亮之力,5,7,1,10000,4144850
94,365,帝牙海獅,冰,水,-,-,-,-,-,-,-,-,2500,145.4,147.8,200,38.5,細雪*,冰錐*,地震,5,9,3,50000,4297195
93.9,488,克雷色利亞,超能力,,-,-,-,-,-,-,-,-,2499,120.2,207.2,208,36.5,精神利刃,打草結*,月亮之力,6,7,20,100000,5179131
93.9,131,拉普拉斯,水,冰,-,-,暗影,-,-,-,-,-,2495,134,149.8,231,40.5,精神波,泡影詠歎調,冰凍光束*,12,14,5,75000,4637587
93.8,346,搖籃百合,岩石,草,-,-,-,-,-,-,-,-,2499,140.3,175.6,180,50,溶解液,岩石封鎖,打草結,7,7,3,50000,4436127
93.8,977,吃吼霸,水,,-,-,-,-,-,-,-,-,2495,133.9,142.8,243,32,攀瀑,衝浪,逆鱗,5,6,5,75000,4646009
93.7,230,刺龍王,水,龍,-,-,-,-,-,-,-,-,2499,157,165.7,153,40.5,龍息,衝浪,高速星星,12,9,3,50000,3979555
93.5,365,帝牙海獅,冰,水,-,-,暗影,-,-,-,-,-,2500,145.4,147.8,200,38.5,細雪*,冰錐*,地震,5,9,3,50000,4297195
93.4,979,棄世猴,格鬥,幽靈,-,-,暗影,-,-,-,-,-,2497,159,135.7,181,28,踢倒,憤怒之拳*,近身戰,5,6,3,50000,3907139
93.3,395,帝王拿波,水,鋼,-,-,暗影,-,-,-,-,-,2500,161.9,150.7,158,33,金屬音,加農水砲*,啄鑽,5,5,3,10000,3856139
93.3,687,烏賊王,惡,超能力,-,-,暗影,-,-,-,-,-,2500,152.1,149.6,180,50,精神波,欺詐,蠻力,10,10,3,50000,4094867
93.2,487,騎拉帝納,幽靈,龍,-,-,暗影,-,別種,-,-,-,2499,137.4,163.1,202,27,龍息,龍爪,影子偷襲,13,13,20,100000,4528800
93.2,326,噗噗豬,超能力,,-,-,暗影,-,-,-,-,-,2498,147,168.7,171,49,精神波,爆裂拳,暗影球,12,13,1,10000,4241751
93,463,大舌舔,一般,,-,-,-,-,-,-,-,-,2499,136.2,160.1,210,47,滾動,泰山壓頂*,暗影球,3,4,3,50000,4578557
92.9,979,棄世猴,格鬥,幽靈,-,-,-,-,-,-,-,-,2497,159,135.7,181,28,踢倒,憤怒之拳*,近身戰,5,6,3,50000,3907139
92.9,205,佛烈托斯,蟲,鋼,-,-,-,-,-,-,-,-,2500,144.9,182.4,163,48.5,伏特替換,岩石封鎖,流沙地獄,4,3,5,75000,4307907
92.8,395,帝王拿波,水,鋼,-,-,-,-,-,-,-,-,2500,161.9,150.7,158,33,金屬音,加農水砲*,啄鑽,5,5,3,10000,3856139
92.5,9,水箭龜,水,,-,-,-,-,-,-,-,-,2498,143.9,181.6,166,45.5,滾動,加農水砲*,火箭頭錘,4,6,3,10000,4337825
92.5,680,雙劍鞘,鋼,幽靈,-,-,-,-,-,-,-,-,2497,158,181.8,137,46.5,暗影爪,聖劍,陀螺球,5,7,5,75000,3935561
92.5,230,刺龍王,水,龍,-,-,暗影,-,-,-,-,-,2499,157,165.7,153,40.5,龍息,衝浪,高速星星,12,9,3,50000,3979555
92.5,687,烏賊王,惡,超能力,-,-,-,-,-,-,-,-,2500,152.1,149.6,180,50,精神波,欺詐,蠻力,10,10,3,50000,4094867
92.5,468,波克基斯,妖精,飛行,-,-,-,-,-,-,-,-,2498,161.1,161.1,149,27.5,啄,精神衝擊,波導彈*,5,5,3,50000,3868222
92.4,683,芳香精,妖精,,-,-,-,-,-,-,-,-,2499,152.7,135.3,198,47,妖精之風,精神衝擊,月亮之力,5,7,3,50000,4091706
92.3,765,智揮猩,一般,超能力,-,-,-,-,-,-,-,-,2499,142,170,182,47,念力,狂舞揮打,起草,3,4,3,75000,4392287
92.1,38,九尾,冰,妖精,阿羅拉,-,-,-,-,-,-,-,2499,151.5,172.2,158,47.5,細雪,氣象球 冰,潑冷水*,5,6,3,50000,4121225
91.9,160,大力鱷,水,,-,-,暗影,-,-,-,-,-,2496,159.2,154.6,159,35,暗影爪,加農水砲*,冰凍光束,5,7,3,10000,3912480
91.9,110,雙彈瓦斯,毒,妖精,伽勒爾,-,暗影,-,-,-,-,-,2500,155.4,176.2,147,49,妖精之風,狂舞揮打,污泥攻擊,4,5,3,50000,4025295
91.8,110,雙彈瓦斯,毒,妖精,伽勒爾,-,-,-,-,-,-,-,2500,155.4,176.2,147,49,妖精之風,狂舞揮打,污泥攻擊,4,5,3,50000,4025295
91.7,350,美納斯,水,,-,-,-,-,-,-,-,-,2495,145.2,172.6,171,31.5,攀瀑,水流尾,緊束,4,5,5,75000,4285417
91.7,379,雷吉斯奇魯,鋼,,-,-,暗影,-,-,-,-,-,2488,124.2,240.3,167,46.5,鎖定,加農光炮,電磁炮*,13,16,20,100000,4985042
91.6,558,岩殿居蟹,蟲,岩石,-,-,-,-,-,-,-,-,2499,155.1,172.9,150,43.5,連斬,十字剪,岩石炮,10,13,1,10000,4021778
91.5,799,惡食大王,惡,龍,-,-,-,-,-,-,-,-,2494,145.1,86.1,343,34,龍尾,狂舞揮打,龍爪,3,5,20,100000,4287285
91.5,776,爆焰龜獸,火,龍,-,-,-,-,-,-,-,-,2499,150.4,193.3,142,50,燒盡,狂舞揮打,龍爪,2,3,5,75000,4127984
91.4,452,龍王蠍,毒,惡,-,-,-,-,-,-,-,-,2494,150.9,178,153,46,毒針,咬碎,水流尾,5,4,5,75000,4110687
91.4,635,三首惡龍,惡,龍,-,-,暗影,-,-,-,-,-,2498,175,135.6,150,25,龍息,狂舞揮打*,飛翔,9,12,5,75000,3559227
91.4,700,仙子伊布,妖精,,-,-,-,-,-,-,-,-,2498,152.2,159.5,169,30,妖精之風,月亮之力,暗影球,7,6,5,75000,4102727
91.3,691,毒藻龍,毒,龍,-,-,-,-,-,-,-,-,2496,151.2,185.4,147,49,龍尾,水流尾,逆鱗,3,5,3,50000,4121297
91.3,73,毒刺水母,水,毒,-,-,-,-,-,-,-,-,2499,141.2,185.2,169,48,溶解液,熱水,以牙還牙,7,8,3,50000,4416829
91.2,699,冰雪巨龍,岩石,冰,-,-,-,-,-,-,-,-,2497,145.8,136.6,214,36,細雪,氣象球 冰,流星光束,5,8,5,75000,4262140
91.1,38,九尾,冰,妖精,阿羅拉,-,暗影,-,-,-,-,-,2499,151.5,172.2,158,47.5,細雪,氣象球 冰,潑冷水*,5,6,3,50000,4121225
91,488,克雷色利亞,超能力,,-,-,暗影,-,-,-,-,-,2491,121.9,201.7,207,33.5,精神利刃,打草結*,月亮之力,6,7,20,100000,5092108
91,706,黏美龍,龍,,-,-,-,-,-,-,-,-,2493,153.3,175.1,151,26,龍息,水流尾,強力鞭打,9,13,5,75000,4051325
90.9,687,烏賊王,惡,超能力,-,-,-,Mega,-,-,-,-,2495,153.8,172,153,29.5,精神波,欺詐,蠻力,10,10,3,50000,4047073
90.8,119,金魚王,水,,-,-,-,-,-,-,-,-,2444,159.7,136.1,172,50,啄,直衝鑽*,冰凍之風*,5,6,3,50000,3738228
90.7,638,勾帕路翁,鋼,格鬥,-,-,-,-,-,-,-,-,2496,146.1,180,162,31,二連踢,聖劍*,尖石攻擊,3,5,20,100000,4260018
90.7,784,杖尾鱗甲龍,龍,格鬥,-,-,-,-,-,-,-,-,2496,159.8,178.1,137,28,龍尾,鱗片噪音*,快手還擊,4,4,5,75000,3898756
90.7,380,拉帝亞斯,龍,超能力,-,-,-,-,-,-,-,-,2495,160.2,178.1,136,26.5,龍息,薄霧球*,波導彈,15,10,20,100000,3881268
90.7,241,大奶罐,一般,,-,-,-,-,-,-,-,-,2495,136.1,173.1,194,50,滾動,泰山壓頂,冰凍光束,3,5,5,75000,4571437
90.6,768,具甲武者,蟲,水,-,-,-,-,-,-,-,-,2497,160.4,171.9,141,29,連斬,十字剪,水流噴射,10,10,1,10000,3889212
90.6,809,美錄梅塔,鋼,,-,-,-,-,-,-,-,-,2498,155.2,138.3,187,25.5,電擊,鋼拳雙擊*,爆裂拳,4,5,20,100000,4012293
90.6,350,美納斯,水,,-,-,暗影,-,-,-,-,-,2495,145.2,172.6,171,31.5,攀瀑,水流尾,緊束,4,5,5,75000,4285417
90.6,38,九尾,火,,-,-,-,-,-,-,-,-,2498,151.2,171.2,159,49,火花*,氣象球 火,能量球*,4,5,3,50000,4116371
90.6,503,大劍鬼,水,,-,-,-,-,-,-,-,-,2498,165.1,130.7,175,35.5,連斬,加農水砲*,超級角擊,10,14,3,10000,3777696
90.6,733,銃嘴大鳥,一般,飛行,-,-,暗影,-,-,-,-,-,2499,177.3,124.8,159,39,啄,鳥嘴加農炮*,啄鑽,7,5,1,10000,3517550
90.4,144,急凍鳥,冰,飛行,-,-,-,-,-,-,-,-,2495,144.6,185.2,160,31,細雪,冰凍之風,暴風*,6,8,20,100000,4284411
90.4,160,大力鱷,水,,-,-,-,-,-,-,-,-,2496,159.2,154.6,159,35,暗影爪,加農水砲*,冰凍光束,5,7,3,10000,3912480
90.4,243,雷公,電,,-,-,-,-,-,-,-,-,2488,169.2,143,151,26.5,電擊,瘋狂伏特,波導彈,5,5,20,100000,3653881
90.4,73,毒刺水母,水,毒,-,-,暗影,-,-,-,-,-,2499,141.2,185.2,169,48,溶解液,熱水,以牙還牙,7,8,3,50000,4416829
90.2,733,銃嘴大鳥,一般,飛行,-,-,-,-,-,-,-,-,2499,177.3,124.8,159,39,啄,鳥嘴加農炮*,啄鑽,7,5,1,10000,3517550
90,699,冰雪巨龍,岩石,冰,-,-,暗影,-,-,-,-,-,2497,145.8,136.6,214,36,細雪,氣象球 冰,流星光束,5,8,5,75000,4262140
90,346,搖籃百合,岩石,草,-,-,暗影,-,-,-,-,-,2499,140.3,175.6,180,50,溶解液,岩石封鎖,打草結,7,7,3,50000,4436127
90,646,酋雷姆,龍,冰,-,-,-,-,-,-,-,-,2500,171,121.2,176,26,龍息,冰封世界*,龍爪,10,13,20,100000,3648471
89.9,730,西獅海壬,水,妖精,-,-,-,-,-,-,-,-,2495,169,149.1,146,28.5,攀瀑,魅惑之聲,加農水砲*,5,4,3,10000,3678176
89.9,260,巨沼怪,水,地面,-,-,-,-,-,-,-,-,2499,157.7,141.3,177,32,泥巴射擊,加農水砲*,地震,5,8,3,10000,3944235
89.8,334,七夕青鳥,龍,妖精,-,-,-,Mega,-,-,-,-,2499,163.3,166.2,141,29,龍息,神鳥猛擊,月亮之力*,13,15,1,10000,3826456
89.8,130,暴鯉龍,水,飛行,-,-,-,-,-,-,-,-,2500,168,138.1,160,27,龍息,水流尾*,龍捲風,9,10,1,10000,3712677
89.8,450,河馬獸,地面,,-,-,-,-,-,-,-,-,2500,150,150.7,184,30,潑沙,氣象球 岩石,大地之力,9,13,3,50000,4160112
89.8,243,雷公,電,,-,-,暗影,-,-,-,-,-,2487,171.2,138.9,151,26.5,電擊,瘋狂伏特,波導彈,5,5,20,100000,3591755
89.7,208,大鋼蛇,鋼,地面,-,-,-,-,-,-,-,-,2495,126.6,238.2,163,48.5,雷電牙,精神之牙,地震,6,11,5,75000,4914537
89.6,38,九尾,火,,-,-,暗影,-,-,-,-,-,2498,151.2,171.2,159,49,火花*,氣象球 火,能量球*,4,5,3,50000,4116371
89.6,503,大劍鬼,水,,-,-,暗影,-,-,-,-,-,2498,165.1,130.7,175,35.5,連斬,加農水砲*,超級角擊,10,14,3,10000,3777696
89.6,618,泥巴魚,地面,電,-,-,-,-,-,-,-,-,2445,133.6,156.3,214,50,電擊,泥巴炸彈,放電,5,5,5,75000,4468817
89.5,558,岩殿居蟹,蟲,岩石,-,-,暗影,-,-,-,-,-,2499,155.1,172.9,150,43.5,連斬,十字剪,岩石炮,10,13,1,10000,4021778
89.5,62,蚊香泳士,水,格鬥,-,-,-,-,-,-,-,-,2497,148.9,158.5,177,42,泥巴射擊,冰凍之風,爆裂拳,5,5,3,50000,4175005
89.4,460,暴雪王,草,冰,-,-,暗影,-,-,-,-,-,2495,152.9,145.4,183,50,細雪,氣象球 冰,能量球,5,6,3,50000,4068528
89.4,450,河馬獸,地面,,-,-,暗影,-,-,-,-,-,2500,150,150.7,184,30,潑沙,氣象球 岩石,大地之力,9,13,3,50000,4160112
89.3,452,龍王蠍,毒,惡,-,-,暗影,-,-,-,-,-,2494,150.9,178,153,46,毒針,水流尾,咬碎,4,5,5,75000,4110687
89.3,968,拖拖蚓,鋼,,-,-,-,-,-,-,-,-,2496,144.1,194.9,154,48.5,擲泥,岩石封鎖,地震,5,7,5,75000,4323824
89.3,867,死神板,地面,幽靈,-,-,-,-,-,-,-,-,2497,146.6,208.6,139,49.5,暗影爪,岩石封鎖,暗影球,7,7,3,50000,4251447
89.3,537,蟾蜍王,水,地面,-,-,-,-,-,-,-,-,2498,154.1,132.5,198,42.5,泥巴射擊,大地之力,冰凍之風,6,5,3,50000,4042679
89.3,208,大鋼蛇,鋼,地面,-,-,暗影,-,-,-,-,-,2495,126.6,238.2,163,48.5,雷電牙,精神之牙,咬碎,6,8,5,75000,4914537
89.2,9,水箭龜,水,,-,-,暗影,-,-,-,-,-,2498,143.9,181.6,166,45.5,滾動,加農水砲*,冰凍光束,4,5,3,10000,4337825
89.1,982,土龍節節,一般,,-,-,-,-,-,-,-,-,2499,149.6,128.5,217,38,滾動,泰山壓頂,直衝鑽,3,4,3,50000,4171045
89.1,385,基拉祈,鋼,超能力,-,-,-,-,-,-,-,-,2493,155.5,154.8,166,27.5,念力,破滅之願,波導彈,3,3,20,100000,3996896
89.1,57,火爆猴,格鬥,,-,-,-,-,-,-,-,-,2499,182.4,127.4,147,48.5,空手劈*,憤怒之拳*,近身戰,4,5,3,50000,3416160
89.1,377,雷吉洛克,岩石,,-,-,-,-,-,-,-,-,2488,133.9,234.9,147,30,鎖定,尖石攻擊,真氣彈,11,15,20,100000,4623167
89,205,佛烈托斯,蟲,鋼,-,-,暗影,-,-,-,-,-,2500,144.9,182.4,163,48.5,伏特替換,岩石封鎖,流沙地獄,4,3,5,75000,4307907
89,618,泥巴魚,地面,鋼,伽勒爾,-,-,-,-,-,-,-,2445,133.6,156.3,214,50,泥巴射擊,岩崩,地震,5,8,5,75000,4468817
88.8,861,長毛巨魔,惡,妖精,-,-,-,-,-,-,-,-,2498,175.3,116.4,174,34,突襲,欺詐,嬉鬧,6,9,5,50000,3550096
88.8,380,拉帝亞斯,龍,超能力,-,-,暗影,-,-,-,-,-,2499,163.5,171.7,136,26,龍息,薄霧球*,波導彈,15,10,20,100000,3816412
88.8,249,洛奇亞,超能力,飛行,-,-,-,-,-,-,-,-,2495,132.3,215.7,164,25,龍尾,氣旋攻擊*,飛翔,7,4,20,100000,4679276
88.8,28,穿山王,冰,鋼,阿羅拉,-,-,-,-,-,-,-,2498,149.8,171.4,162,47.5,細雪,冰凍拳,直衝鑽,5,5,3,50000,4159285
88.7,130,暴鯉龍,水,飛行,-,-,暗影,-,-,-,-,-,2500,168,138.1,160,27,龍息,水流尾*,龍捲風,9,10,1,10000,3712677
88.7,630,禿鷹娜,惡,飛行,-,-,-,-,-,-,-,-,2417,121,184.9,215,50,大聲咆哮,欺詐,暗影球,4,4,5,75000,4809416
88.7,788,卡璞・鰭鰭,水,妖精,-,-,-,-,-,-,-,-,2498,147.7,201.8,141,35,水槍,衝浪,自然之怒*,15,17,20,100000,4204161
88.6,144,急凍鳥,冰,飛行,-,-,暗影,-,-,-,-,-,2488,146.2,180,160,30.5,細雪,冰凍之風,暴風*,6,8,20,100000,4211218
88.6,563,死神棺,幽靈,,-,-,-,-,-,-,-,-,2497,146.6,208.6,139,49.5,暗影爪,暗影球,惡之波動,7,7,3,50000,4251447
88.6,28,穿山王,冰,鋼,阿羅拉,-,暗影,-,-,-,-,-,2498,149.8,171.4,162,47.5,細雪,冰凍拳,直衝鑽,5,5,3,50000,4159285
88.5,423,海兔獸,水,地面,-,-,-,-,-,-,-,-,2499,149.8,130.8,212,47.5,擲泥,泰山壓頂,大地之力,4,5,3,50000,4154572
88.5,911,骨紋巨聲鱷,火,幽靈,-,-,-,-,-,-,-,-,2500,156.5,141.8,180,30.5,燒盡,閃焰高歌,暗影球,3,3,3,10000,3994643
88.4,226,巨翅飛魚,水,飛行,-,-,-,-,-,-,-,-,2383,137,202.5,149,50,翅膀攻擊,龍捲風,水之波動,5,7,5,75000,4132945
88.4,31,尼多后,毒,地面,-,-,-,-,-,-,-,-,2500,150.5,152.1,181,45.5,擲泥,劇毒牙,大地之力,4,5,3,50000,4142930
88.3,437,青銅鐘,鋼,超能力,-,-,-,-,-,-,-,-,2499,147.1,189.9,152,50,念力,氣象球 水,以牙還牙,3,5,3,50000,4244816
88.3,820,藏飽栗鼠,一般,,-,-,-,-,-,-,-,-,2496,137.4,143.3,230,49.5,泥巴射擊,泰山壓頂,起草,4,5,1,10000,4527437
88.2,916,飄香豚,一般,,-,-,-,-,-,雌,-,-,2500,141.9,144.3,215,45,擲泥*,泰山壓頂,起草,4,5,1,10000,4401451
88.1,460,暴雪王,草,冰,-,-,-,-,-,-,-,-,2495,152.9,145.4,183,50,細雪,氣象球 冰,能量球,5,6,3,50000,4068528
88.1,57,火爆猴,格鬥,,-,-,暗影,-,-,-,-,-,2499,182.4,127.4,147,48.5,空手劈*,憤怒之拳*,冰凍拳,4,5,3,50000,3416160
88,145,閃電鳥,電,飛行,-,-,-,-,-,-,-,-,2496,176.1,134.2,149,25.5,電擊*,啄鑽,十萬伏特,5,7,20,100000,3521675
87.9,839,巨炭山,岩石,火,-,-,-,-,-,-,-,-,2496,127.3,178.5,215,49.5,火焰旋渦,岩崩,蓄能焰襲,5,5,3,10000,4885919
87.9,68,怪力,格鬥,,-,-,暗影,-,-,-,-,-,2498,174.1,127.3,161,30,空手劈*,十字劈,岩崩,4,5,3,50000,3569589
87.9,442,花岩怪,幽靈,惡,-,-,-,-,-,-,-,-,2343,154.6,179.8,127,50,突襲,暗影球,岩石封鎖,8,8,5,75000,3531052
87.8,181,電龍,電,,-,-,-,-,-,-,-,-,2499,163.7,137.8,169,35,伏特替換,狂舞揮打,起草,3,3,5,75000,3814313
87.8,962,下石鳥,飛行,惡,-,-,-,-,-,-,-,-,2497,164.7,150.8,152,45,突襲,飛翔,岩石封鎖,7,8,5,75000,3775735
87.8,272,樂天河童,水,草,-,-,-,-,-,-,-,-,2496,153.1,158.1,168,47.5,驚嚇,氣象球 水,能量球,4,5,3,50000,4067890
87.8,197,月亮伊布,惡,,-,-,-,-,-,-,-,-,2416,118.5,214.3,194,50,大聲咆哮,欺詐,珍藏*,4,5,5,75000,4925267
87.7,338,太陽岩,岩石,超能力,-,-,-,-,-,-,-,-,2497,157.3,139.1,181,47.5,精神波,氣象球 火,岩崩,9,12,3,50000,3959098
87.7,260,巨沼怪,水,地面,-,-,暗影,-,-,-,-,-,2499,157.7,141.3,177,32,泥巴射擊,加農水砲*,地震,5,8,3,10000,3944235
87.6,709,朽木妖,幽靈,草,-,-,暗影,-,-,-,-,-,2500,165.6,135.7,168,43.5,暗影爪,暗影球,種子炸彈,7,5,5,75000,3775585
87.6,145,閃電鳥,電,飛行,-,-,暗影,-,-,-,-,-,2480,177.4,132.9,147,25.5,電擊*,啄鑽,十萬伏特,5,7,20,100000,3465841
87.5,380,拉帝亞斯,龍,超能力,-,-,-,Mega,-,-,-,-,2492,171.8,179.9,117,19,龍息,波導彈,薄霧球*,10,15,20,100000,3616000
87.4,487,騎拉帝納,幽靈,龍,-,起源,-,-,-,-,-,-,2500,154.3,134.3,195,25,暗影爪,暗影球,龍之波動,7,7,20,100000,4039334
87.3,711,南瓜怪人,幽靈,草,-,-,-,-,-,-,特大尺寸,-,2495,147.5,170.5,168,40.5,燒盡,暗影球,種子炸彈,3,2,5,75000,4222720
87.2,975,浩大鯨,冰,,-,-,-,-,-,-,-,-,2494,153.8,100.1,262,29.5,細雪,冰錐,蠻力,5,5,3,50000,4035354
87.1,257,火焰雞,火,格鬥,-,-,暗影,-,-,-,-,-,2495,185.1,117.9,154,34,火花,波導彈,爆炸烈焰*,5,6,3,10000,3361194
87.1,472,天蠍王,地面,飛行,-,-,-,-,-,-,-,-,2500,148.8,186.6,151,39.5,翅膀攻擊,雜技,暗襲要害,7,5,5,75000,4194296
87.1,685,胖甜妮,妖精,,-,-,-,-,-,-,-,-,2486,153.8,149.6,174,50,妖精之風,能量球,噴射火焰,5,7,3,50000,4002111
87.1,709,朽木妖,幽靈,草,-,-,-,-,-,-,-,-,2500,165.6,135.7,168,43.5,暗影爪,暗影球,種子炸彈,7,5,5,75000,3775585
87,635,三首惡龍,惡,龍,-,-,-,-,-,-,-,-,2498,175,135.6,150,25,龍息,狂舞揮打*,龍之波動,9,14,5,75000,3559227
87,337,月石,岩石,超能力,-,-,-,-,-,-,-,-,2497,157.3,139.1,181,47.5,精神波,氣象球 冰,岩崩,9,12,3,50000,3959098
86.9,181,電龍,電,,-,-,暗影,-,-,-,-,-,2499,163.7,137.8,169,35,伏特替換,狂舞揮打,起草,3,3,5,75000,3814313
86.9,475,艾路雷朵,超能力,格鬥,-,-,暗影,-,-,-,-,-,2498,175.6,151.6,133,29.5,精神利刃,近身戰,葉刃,5,4,5,75000,3541430
86.9,186,蚊香蛙皇,水,,-,-,-,-,-,-,-,-,2499,146.8,159.1,182,46,泥巴射擊,氣象球 水,地震*,4,8,3,50000,4252767
86.9,186,蚊香蛙皇,水,,-,-,暗影,-,-,-,-,-,2499,146.8,159.1,182,46,泥巴射擊,氣象球 水,地震*,4,8,3,50000,4252767
86.9,62,蚊香泳士,水,格鬥,-,-,暗影,-,-,-,-,-,2497,148.9,158.5,177,42,泥巴射擊,冰凍之風,爆裂拳,5,5,3,50000,4175005
86.9,807,捷拉奧拉,電,,-,-,-,-,-,-,-,-,2494,180.9,129.3,147,26.5,伏特替換,等離子閃電拳,瘋狂伏特,3,3,20,100000,3437240
86.8,78,烈焰馬,火,,-,-,暗影,-,-,-,-,-,2498,173.1,143.6,145,46,燒盡,瘋狂伏特*,直衝鑽,3,2,3,50000,3602748
86.8,663,烈箭鷹,火,飛行,-,-,-,-,-,-,-,-,2493,160.5,142.9,168,50,燒盡*,飛翔,勇鳥猛攻,3,3,1,10000,3851770
86.7,711,南瓜怪人,幽靈,草,-,-,-,-,-,-,普通尺寸,-,2496,149.5,189.6,147,49,燒盡,暗影球,種子炸彈,3,2,5,75000,4167554
86.7,640,畢力吉翁,草,格鬥,-,-,-,-,-,-,-,-,2496,146.1,180,162,31,二連踢,葉刃,聖劍*,3,3,20,100000,4260018
86.6,426,隨風球,幽靈,飛行,-,-,-,-,-,-,-,-,2496,153.2,97.4,272,48.5,禍不單行,冰凍之風,暗影球,4,4,5,75000,4061233
86.6,711,南瓜怪人,幽靈,草,-,-,-,-,-,-,大尺寸,-,2494,148.3,179.1,158,44,燒盡,暗影球,種子炸彈,3,2,5,75000,4195581
86.6,78,烈焰馬,火,,-,-,-,-,-,-,-,-,2498,173.1,143.6,145,46,燒盡,瘋狂伏特*,直衝鑽,3,2,3,50000,3602748
86.5,85,嘟嘟利,一般,飛行,-,-,-,-,-,-,-,-,2499,184.9,129.1,141,48.5,啄,啄鑽,勇鳥猛攻,5,7,3,50000,3365031
86.5,480,由克希,超能力,,-,-,-,-,-,-,-,-,2500,131.6,229.6,157,46.5,念力,高速星星,預知未來,3,5,20,100000,4744783
86.4,31,尼多后,毒,地面,-,-,暗影,-,-,-,-,-,2500,150.5,152.1,181,45.5,擲泥,劇毒牙,大地之力,4,5,3,50000,4142930
86.4,378,雷吉艾斯,冰,,-,-,-,-,-,-,-,-,2488,133.9,234.9,147,30,鎖定,打雷*,暴風雪,12,15,20,100000,4623167
86.3,462,自爆磁怪,電,鋼,-,-,-,-,-,-,-,-,2500,173.3,156.9,132,28.5,伏特替換,瘋狂伏特,鏡光射擊,3,3,3,50000,3589120
86.3,303,大嘴娃,鋼,妖精,-,-,-,Mega,-,-,-,-,2498,160.2,192.6,126,48,妖精之風,夾住,鐵頭,5,6,5,75000,3889429
86.3,279,大嘴鷗,水,飛行,-,-,-,-,-,-,-,-,2404,159.7,158.8,142,50,翅膀攻擊,氣象球 水,暴風,5,8,3,50000,3600580
86.3,454,毒骷蛙,毒,格鬥,-,-,暗影,-,-,-,-,-,2498,174.8,120.3,169,44.5,毒針,爆裂拳,暗影球,5,6,3,50000,3552699
86.2,716,哲爾尼亞斯,妖精,,-,-,-,-,-,-,-,-,2496,167.9,131.6,167,24.5,大地掌控*,近身戰,月亮之力,4,5,20,100000,3690577
86.1,973,纏紅鶴,飛行,格鬥,-,-,-,-,-,-,-,-,2499,178.6,122.9,159,37,翅膀攻擊,快手還擊,勇鳥猛攻,5,7,3,75000,3491200
86.1,623,泥偶巨人,地面,幽靈,-,-,暗影,-,-,-,-,-,2500,172.1,127.2,166,35,驚嚇,暗影拳,爆裂拳,4,5,5,75000,3633671
86,534,修建老匠,格鬥,,-,-,暗影,-,-,-,-,-,2500,173,121.2,172,27.5,發勁,爆裂拳,狂舞揮打*,5,4,5,75000,3606957
86,426,隨風球,幽靈,飛行,-,-,暗影,-,-,-,-,-,2496,153.2,97.4,272,48.5,禍不單行,暗影球,冰凍之風,4,4,5,75000,4061233
86,214,赫拉克羅斯,蟲,格鬥,-,-,-,-,-,-,-,-,2492,172.7,140.8,148,29.5,連斬,快手還擊,岩石封鎖,10,13,3,50000,3597541
86,381,拉帝歐斯,龍,超能力,-,-,暗影,-,-,-,-,-,2485,180.6,144,131,24,龍息,波導彈,潔淨光芒*,10,15,20,100000,3406724
86,675,流氓熊貓,格鬥,惡,-,-,-,-,-,-,-,-,2493,172.4,120.7,173,33,空手劈,近身戰,暗襲要害,5,4,3,50000,3601186
85.9,149,快龍,龍,飛行,-,-,暗影,-,-,-,-,-,2495,175.4,139.4,145,24,龍息,雷電拳,蠻力,10,10,5,75000,3545000
85.9,435,坦克臭鼬,毒,惡,-,-,暗影,-,-,-,-,-,2500,158,122.7,204,50,毒擊,咬碎,起草,7,7,3,50000,3953754
85.8,182,美麗花,草,,-,-,暗影,-,-,-,-,-,2499,151.6,166.6,163,48.5,溶解液,葉刃,魔法閃耀,5,7,3,50000,4115043
85.8,448,路卡利歐,格鬥,鋼,-,-,-,-,-,-,-,-,2492,186.3,123.4,145,37.5,發勁*,波導彈,暗影球,4,5,5,75000,3332518
85.8,863,喵頭目,鋼,,-,-,-,-,-,-,-,-,2497,165.7,147.4,154,48.5,暗影爪,近身戰,欺詐,6,5,3,50000,3762118
85.8,538,投摔鬼,格鬥,,-,-,-,-,-,-,-,-,2500,142.2,139.8,221,43.5,踢倒,真氣彈,泰山壓頂,10,5,5,75000,4390995
85.8,717,伊裴爾塔爾,惡,飛行,-,-,-,-,-,-,-,-,2496,167.9,131.6,167,24.5,突襲,惡之波動,死亡之翼*,8,8,20,100000,3690577
85.7,934,鹽石巨靈,岩石,,-,-,-,-,-,-,-,-,2496,136.8,177.5,187,38.5,泥巴射擊,岩石爆擊,岩石封鎖,5,6,5,50000,4540313
85.7,377,雷吉洛克,岩石,,-,-,暗影,-,-,-,-,-,2483,135.4,231.2,145,30,鎖定,尖石攻擊,真氣彈,11,15,20,100000,4538297
85.7,435,坦克臭鼬,毒,惡,-,-,-,-,-,-,-,-,2500,158,122.7,204,50,毒擊,咬碎,起草,7,7,3,50000,3953754
85.6,770,噬沙堡爺,幽靈,地面,-,-,-,-,-,-,-,-,2500,150.2,157.6,175,47,驚嚇,暗影球,流沙地獄,5,4,3,50000,4143492
85.5,649,蓋諾賽克特,蟲,鋼,-,-,-,-,閃電,-,-,-,2493,181.9,147.2,127,27,連斬,十字剪,高科技光炮 電,10,14,20,100000,3398909
85.5,68,怪力,格鬥,,-,-,-,-,-,-,-,-,2498,174.1,127.3,161,30,空手劈*,十字劈,岩崩,4,5,3,50000,3569589
85.5,494,比克提尼,超能力,火,-,-,-,-,-,-,-,-,2493,155.5,154.8,166,27.5,念力,Ｖ熱焰,精神衝擊,3,3,20,100000,3996896
85.4,724,狙射樹梟,草,格鬥,洗翠,-,-,-,-,-,-,-,2500,164.1,141.5,164,33.5,精神利刃,波導彈,起草,5,5,3,10000,3808339
85.4,466,電擊魔獸,電,,-,-,暗影,-,-,-,-,-,2500,185,128.4,142,29.5,電擊,瘋狂伏特,冰凍拳,5,5,5,75000,3374171
85.4,101,頑皮雷彈,電,草,洗翠,-,-,-,-,-,-,-,2430,160.5,160.5,142,50,電擊,瘋狂伏特,能量球,5,5,3,50000,3657833
85.4,475,艾路雷朵,超能力,格鬥,-,-,-,-,-,-,-,-,2498,175.6,151.6,133,29.5,精神利刃,近身戰,葉刃,5,4,5,75000,3541430
85.4,649,蓋諾賽克特,蟲,鋼,-,-,-,-,火焰,-,-,-,2493,181.9,147.2,127,27,連斬,十字剪,高科技光炮 火*,10,14,20,100000,3398909
85.4,711,南瓜怪人,幽靈,草,-,-,-,-,-,-,小尺寸,-,2499,154.2,196,134,49.5,燒盡,暗影球,種子炸彈,3,2,5,75000,4049702
85.4,658,甲賀忍蛙,水,惡,-,-,暗影,-,-,-,-,-,2498,178.8,129.9,150,39.5,飛水手裡劍,加農水砲*,暗襲要害,3,3,3,10000,3483959
85.4,454,毒骷蛙,毒,格鬥,-,-,-,-,-,-,-,-,2498,174.8,120.3,169,44.5,毒針,爆裂拳,暗影球,5,6,3,50000,3552699
85.3,563,死神棺,幽靈,,-,-,暗影,-,-,-,-,-,2497,146.6,208.6,139,49.5,暗影爪,暗影球,惡之波動,7,7,3,50000,4251447
85.3,121,寶石海星,水,超能力,-,-,暗影,-,-,-,-,-,2498,170.7,158,135,41.5,精神波,水流噴射,力量寶石,10,13,3,50000,3640869
85.2,381,拉帝歐斯,龍,超能力,-,-,-,-,-,-,-,-,2488,178.7,144.6,134,24,龍息,波導彈,潔淨光芒*,10,15,20,100000,3462530
85.2,80,呆殼獸,水,超能力,-,-,-,-,-,-,-,-,2498,146.6,156.2,186,43,念力,吸取拳,冰凍光束,3,4,3,50000,4258939
85.2,71,大食花,草,毒,-,-,暗影,-,-,-,-,-,2492,173.6,123.4,167,46.5,溶解液,葉刃,污泥炸彈,5,7,3,50000,3578349
85,591,敗露球菇,草,毒,-,-,暗影,-,-,-,-,-,2420,142.9,129.4,221,50,驚嚇,欺詐,打草結,4,5,3,50000,4085363
85,713,冰岩怪,冰,,-,-,-,-,-,-,-,-,2495,143.9,183.4,164,29,冰凍牙,冰凍之風,咬碎,8,8,3,50000,4328663
85,649,蓋諾賽克特,蟲,鋼,-,-,-,-,冰凍,-,-,-,2493,181.9,147.2,127,27,連斬,十字剪,高科技光炮 冰*,10,14,20,100000,3398909
85,701,摔角鷹人,格鬥,飛行,-,-,-,-,-,-,-,-,2498,164.7,138.2,166,47.5,踢倒,飛身重壓,燕返,5,6,5,75000,3780354
85,71,大食花,草,毒,-,-,-,-,-,-,-,-,2492,173.6,123.4,167,46.5,溶解液,葉刃,污泥炸彈,5,7,3,50000,3578349
84.9,257,火焰雞,火,格鬥,-,-,-,-,-,-,-,-,2495,185.1,117.9,154,34,火花,波導彈,爆炸烈焰*,5,6,3,10000,3361194
84.9,534,修建老匠,格鬥,,-,-,-,-,-,-,-,-,2500,173,121.2,172,27.5,發勁,爆裂拳,狂舞揮打*,5,4,5,75000,3606957
84.9,462,自爆磁怪,電,鋼,-,-,暗影,-,-,-,-,-,2500,173.3,156.9,132,28.5,伏特替換,瘋狂伏特,鏡光射擊,3,3,3,50000,3589120
84.9,151,夢幻,超能力,,-,-,-,-,-,-,-,-,2493,155.5,154.8,166,27.5,暗影爪,精神衝擊,瘋狂伏特,5,6,20,100000,3996896
84.8,689,龜足巨鎧,岩石,水,-,-,-,-,-,-,-,-,2499,156.1,171.8,149,39,連斬,十字劈,尖石攻擊,9,14,3,50000,3997799
84.8,781,破破舵輪,幽靈,草,-,-,-,-,-,-,-,-,2497,177,144.1,138,32.5,暗影爪,暗影球,狂舞揮打,7,5,5,50000,3520234
84.8,643,萊希拉姆,龍,火,-,-,暗影,-,-,-,-,-,2493,178.1,142.6,137,22.5,龍息,交錯火焰*,尖石攻擊,12,14,20,100000,3477820
84.7,466,電擊魔獸,電,,-,-,-,-,-,-,-,-,2500,185,128.4,142,29.5,電擊,瘋狂伏特,冰凍拳,5,5,5,75000,3374171
84.7,330,沙漠蜻蜓,地面,龍,-,-,暗影,-,-,-,-,-,2500,165.2,141.5,162,40,龍尾,龍捲風,流沙地獄,4,4,5,75000,3785283
84.6,460,暴雪王,草,冰,-,-,-,Mega,-,-,-,-,2495,169.4,140.9,154,27,細雪,氣象球 冰,能量球,5,6,3,50000,3675406
84.6,323,噴火駝,火,地面,-,-,-,-,-,-,-,-,2479,175.6,126.9,157,50,燒盡,大地之力,岩石封鎖,3,3,3,50000,3498579
84.6,1000,賽富豪,鋼,幽靈,-,-,-,-,-,-,-,-,2499,174.4,139,147,26,禍不單行,暗影球,力量寶石,4,4,5,10000,3561984
84.6,150,超夢,超能力,,-,-,暗影,-,-,-,-,-,2482,192,118.9,140,21.5,精神波,波導彈,精神擊破*,10,12,20,100000,3196974
84.6,916,飄香豚,一般,,-,-,-,-,-,-,-,-,2497,151.1,133.6,204,41,擲泥*,泰山壓頂,起草,4,5,1,10000,4118651
84.6,121,寶石海星,水,超能力,-,-,-,-,-,-,-,-,2498,170.7,158,135,41.5,精神波,水流噴射,力量寶石,10,13,3,50000,3640869
84.5,936,紅蓮鎧騎,火,超能力,-,-,-,-,-,-,-,-,2492,169.7,142.6,151,28.5,燒盡,精神衝擊,蓄能焰襲,2,3,5,50000,3655686
84.5,623,泥偶巨人,地面,幽靈,-,-,-,-,-,-,-,-,2500,172.1,127.2,166,35,驚嚇,暗影拳,爆裂拳,4,5,5,75000,3633671
84.5,484,帕路奇亞,水,龍,-,-,-,-,-,-,-,-,2493,182.6,144.1,129,23,龍息,水流尾,流星群,9,17,20,100000,3395180
84.5,157,火爆獸,火,,-,-,-,-,-,-,-,-,2500,171.5,140.6,151,34,燒盡,爆炸烈焰*,雷電拳,3,2,3,10000,3640809
84.5,157,火爆獸,火,,-,-,暗影,-,-,-,-,-,2500,171.5,140.6,151,34,燒盡,爆炸烈焰*,雷電拳,3,2,3,10000,3640809
84.4,980,土王,毒,地面,-,-,-,-,-,-,-,-,2207,119.3,139.5,245,50,毒針,尖石攻擊,地震,7,8,3,50000,4077850
84.4,598,堅果啞鈴,草,鋼,-,-,-,-,-,-,-,-,2497,141.1,195.6,160,47,種子機關槍,強力鞭打,加農光炮,4,5,3,75000,4416600
84.4,330,沙漠蜻蜓,地面,龍,-,-,-,-,-,-,-,-,2500,165.2,141.5,162,40,龍尾,龍捲風,流沙地獄,4,4,5,75000,3785283
84.4,718,基格爾德,龍,地面,-,-,-,-,50%,-,-,-,2487,146.5,166.4,173,26.5,龍尾,咬碎,地震,4,6,20,100000,4217160
84.3,724,狙射樹梟,草,幽靈,-,-,-,-,-,-,-,-,2500,165.5,149.2,153,37,驚嚇,瘋狂植物*,縫影,5,4,3,10000,3777731
84.3,673,坐騎山羊,草,,-,-,-,-,-,-,-,-,2496,153.5,123.6,214,36,藤鞭,葉刃,岩崩,5,6,3,50000,4057981
84.3,484,帕路奇亞,水,龍,-,起源,-,-,-,-,-,-,2500,184,146.2,126,21.5,龍息,水流尾,流星群,9,17,20,100000,3388341
84.2,472,天蠍王,地面,飛行,-,-,暗影,-,-,-,-,-,2500,148.8,186.6,151,39.5,翅膀攻擊,雜技,暗襲要害,7,5,5,75000,4194296
84.2,373,暴飛龍,龍,飛行,-,-,暗影,-,-,-,-,-,2500,185.9,119.8,151,24,龍尾,飛翔,狂舞揮打,4,3,5,75000,3361091
84.1,182,美麗花,草,,-,-,-,-,-,-,-,-,2499,151.6,166.6,163,48.5,溶解液,葉刃,魔法閃耀,5,7,3,50000,4115043
84.1,832,毛毛角羊,一般,,-,-,-,-,-,-,-,-,2478,146.2,179,160,50,二連踢,泰山壓頂,以牙還牙,3,5,3,10000,4187141
84.1,802,瑪夏多,格鬥,幽靈,-,-,-,-,-,-,-,-,2487,180.6,133.5,142,24,暗影爪,近身戰,雷電拳,6,5,20,100000,3424219
84.1,705,黏美兒,龍,,-,-,-,-,-,-,-,-,2303,146.2,160.5,154,50,龍息,泰山壓頂,龍之波動,9,14,5,75000,3613866
84,591,敗露球菇,草,毒,-,-,-,-,-,-,-,-,2420,142.9,129.4,221,50,驚嚇,欺詐,打草結,4,5,3,50000,4085363
84,998,戟脊龍,龍,冰,-,-,-,-,-,-,-,-,2500,175.4,123.4,164,25.5,龍息,Glaive Rush*,雪崩,10,12,5,75000,3550894
84,649,蓋諾賽克特,蟲,鋼,-,-,-,-,水流,-,-,-,2493,181.9,147.2,127,27,連斬,十字剪,高科技光炮 水*,10,14,20,100000,3398909
84,80,呆殼獸,毒,超能力,伽勒爾,-,-,-,-,-,-,-,2495,153,139.9,190,46.5,念力,吸取拳,污泥炸彈,3,4,3,50000,4067317
84,80,呆殼獸,水,超能力,-,-,暗影,-,-,-,-,-,2498,146.6,156.2,186,43,念力,吸取拳,冰凍光束,3,4,3,50000,4258939
84,828,狐大盜,惡,,-,-,-,-,-,-,-,-,2415,157.1,150.4,157,50,突襲,暗襲要害,嬉鬧,5,9,1,10000,3710761
84,538,投摔鬼,格鬥,,-,-,暗影,-,-,-,-,-,2500,142.2,139.8,221,43.5,踢倒,泰山壓頂,劈瓦,5,5,5,75000,4390995
83.9,526,龐岩怪,岩石,,-,-,-,-,-,-,-,-,2497,164,154,150,28.5,鎖定,蠻力,流星光束*,8,12,3,50000,3790163
83.9,904,萬針魚,惡,毒,-,-,-,-,-,-,-,-,2495,168.8,137.4,159,32.5,毒擊,水流尾,惡之波動,5,8,5,75000,3687314
83.9,217,圈圈熊,一般,,-,-,暗影,-,-,-,-,-,2499,179.3,118.3,164,32,暗影爪,高速星星,近身戰,5,6,3,50000,3476626
83.8,663,烈箭鷹,火,飛行,-,-,暗影,-,-,-,-,-,2493,160.5,142.9,168,50,燒盡*,飛翔,勇鳥猛攻,3,3,1,10000,3851770
83.7,372,甲殼龍,龍,,-,-,暗影,-,-,-,-,-,2296,157.1,142.9,149,50,龍息,龍捲風,噴射火焰,10,14,5,75000,3344610
83.6,6,噴火龍,火,龍,-,-,-,Mega X,-,-,-,-,2499,180.7,147,130,23.5,龍息*,爆炸烈焰*,空氣利刃,13,9,3,10000,3452722
83.6,297,鐵掌力士,格鬥,,-,-,-,-,-,-,-,-,2500,163,97.5,241,35,發勁,快手還擊,重磅衝撞,4,5,3,50000,3828718
83.6,560,頭巾混混,惡,格鬥,-,-,-,-,-,-,-,-,2499,146.6,196,148,49.5,雙倍奉還,欺詐,雷電拳,7,7,3,50000,4254027
83.5,445,烈咬陸鯊,龍,地面,-,-,暗影,-,-,-,-,-,2495,169.8,133.3,162,23,龍尾,流沙地獄,龍捲風,4,4,5,75000,3664965
83.5,321,吼鯨王,水,,-,-,-,-,-,-,-,-,2492,155.7,84.9,301,48.5,滾動,衝浪,暴風雪,4,6,1,10000,3981930
83.4,483,帝牙盧卡,鋼,龍,-,起源,-,-,-,-,-,-,2487,173.6,149.7,137,22,龍息,時光咆哮<sup>†</sup>,鐵頭,17,13,20,100000,3560684
83.4,780,老翁龍,一般,龍,-,-,-,-,-,-,-,-,2499,176.9,134,149,33.5,龍息,高速星星,龍之波動,9,14,5,75000,3531438
83.4,221,長毛豬,冰,地面,-,-,-,-,-,-,-,-,2500,159.3,125.4,196,47,細雪,冰錐,雪崩,5,6,3,50000,3916342
83.3,334,七夕青鳥,龍,飛行,-,-,-,-,-,-,-,-,2266,131.1,181.5,164,50,龍息,神鳥猛擊,噴射火焰,13,14,1,10000,3902033
83.3,806,砰頭小丑,火,幽靈,-,-,-,-,-,-,-,-,2496,224.2,113.5,109,27.5,燒盡,驚爆大頭*,暗影球,2,3,20,100000,2773071
83.3,308,恰雷姆,格鬥,超能力,-,-,-,Mega,-,-,-,-,2500,170.4,158.2,136,45,精神利刃,爆裂拳,冰凍拳,5,5,3,50000,3665404
83.2,6,噴火龍,火,飛行,-,-,-,-,-,-,-,-,2500,171.5,140.6,151,34,龍息*,爆炸烈焰*,空氣利刃,13,9,3,10000,3640809
83.2,149,快龍,龍,飛行,-,-,-,-,-,-,-,-,2495,175.4,139.4,145,24,龍息,雷電拳,蠻力,10,10,5,75000,3545000
83.2,598,堅果啞鈴,草,鋼,-,-,暗影,-,-,-,-,-,2497,141.1,195.6,160,47,種子機關槍,強力鞭打,加農光炮,4,5,3,75000,4416600
83.2,150,超夢,超能力,,-,-,-,-,-,-,-,-,2491,190.8,120.8,141,21.5,精神波,波導彈,精神擊破*,10,12,20,100000,3249022
83.2,3,妙蛙花,草,毒,-,-,-,-,-,-,-,-,2500,157.3,158.1,159,38,藤鞭,瘋狂植物*,污泥攻擊,6,5,3,10000,3955892
83.1,149,快龍,龍,飛行,-,-,-,Mega,-,-,-,-,2498,176.4,153.7,130,19,龍息,蠻力,雷電拳,10,10,5,75000,3525754
83.1,877,莫魯貝可,電,惡,-,-,-,-,滿腹花紋,-,-,-,2196,173.9,114.3,139,50,電擊,氣場輪,精神之牙,5,4,3,50000,2763076
83.1,221,長毛豬,冰,地面,-,-,暗影,-,-,-,-,-,2500,159.3,125.4,196,47,細雪,雪崩,冰錐,6,5,3,50000,3916342
83.1,3,妙蛙花,草,毒,-,-,暗影,-,-,-,-,-,2500,157.3,158.1,159,38,藤鞭,瘋狂植物*,污泥攻擊,6,5,3,10000,3955892
83,97,引夢貘人,超能力,,-,-,-,-,-,-,-,-,2363,133.6,174.8,178,50,念力,雷電拳,暗影球,3,4,3,50000,4156705
83,727,熾焰咆哮虎,火,惡,-,-,-,-,-,-,-,-,2500,161.5,140.7,170,31.5,大聲咆哮,狂舞揮打,爆炸烈焰*,3,4,3,10000,3864062
83,302,勾魂眼,惡,幽靈,-,-,-,Mega,-,-,-,-,2196,139.5,194.1,127,50,暗影爪,欺詐,力量寶石,5,7,5,75000,3438686
83,849,顫弦蠑螈,電,毒,-,-,-,-,-,-,-,-,2499,181.3,122.5,155,41,溶解液,瘋狂伏特,增強拳,6,5,5,75000,3442304
83,738,鍬農炮蟲,蟲,電,-,-,暗影,-,-,-,-,-,2498,187.2,123.3,144,29.5,伏特替換*,十字剪,放電,3,3,1,10000,3325037
82.9,130,暴鯉龍,水,惡,-,-,-,Mega,-,-,-,-,2499,174.6,150.4,136,19.5,龍息,水流尾*,咬碎,9,12,1,10000,3571986
82.9,373,暴飛龍,龍,飛行,-,-,-,Mega,-,-,-,-,2494,178,150.8,130,18,龍尾,飛翔,狂舞揮打,4,3,5,75000,3487744
82.9,949,陸地水母,地面,草,-,-,-,-,-,-,-,-,2499,141.2,185.2,169,48,擲泥,種子炸彈,大地之力,4,5,3,50000,4416829
82.9,248,班基拉斯,岩石,惡,-,-,-,-,-,-,-,-,2498,166.9,142.7,157,24,龍息,狂舞揮打,尖石攻擊,9,14,5,75000,3737922
82.8,334,七夕青鳥,龍,飛行,-,-,暗影,-,-,-,-,-,2266,131.1,181.5,164,50,龍息,神鳥猛擊,噴射火焰,13,14,1,10000,3902033
82.8,245,水君,水,,-,-,-,-,-,-,-,-,2491,137.6,185.9,176,32,冰凍牙,冰凍光束,熱水,10,9,20,100000,4503233
82.7,658,甲賀忍蛙,水,惡,-,-,-,-,-,-,-,-,2498,178.8,129.9,150,39.5,飛水手裡劍,加農水砲*,暗襲要害,3,3,3,10000,3483959
82.7,28,穿山王,地面,,-,-,-,-,-,-,-,-,2499,155.8,157.5,163,49.5,泥巴射擊,暗襲要害*,岩石封鎖,4,6,3,50000,4000765
82.7,372,甲殼龍,龍,,-,-,-,-,-,-,-,-,2296,157.1,142.9,149,50,龍息,龍捲風,噴射火焰,10,14,5,75000,3344610
82.6,386,代歐奇希斯,超能力,,-,-,-,-,防禦,-,-,-,2490,130.2,288.2,126,50,雙倍奉還,精神突進,岩崩,6,8,20,100000,4730043
82.6,445,烈咬陸鯊,龍,地面,-,-,-,-,-,-,-,-,2495,169.8,133.3,162,23,龍尾,流沙地獄,龍捲風,4,4,5,75000,3664965
82.6,94,耿鬼,幽靈,毒,-,-,暗影,-,-,-,-,-,2496,199.4,123,127,33,暗影爪,暗影拳*,暗影球,5,7,3,50000,3114404
82.6,407,羅絲雷朵,草,毒,-,-,-,-,-,-,-,-,2497,183.7,148.8,124,32,毒針,氣象球 火*,飛葉風暴,4,7,3,50000,3388821
82.6,212,巨鉗螳螂,蟲,鋼,-,-,-,-,-,-,-,-,2494,177.1,144.6,137,31,子彈拳,暗襲要害,起草,5,7,5,75000,3507755
82.6,260,巨沼怪,水,地面,-,-,-,Mega,-,-,-,-,2491,174.2,140.9,145,20.5,泥巴射擊,加農水砲*,污泥攻擊,5,5,3,10000,3559377
82.5,297,鐵掌力士,格鬥,,-,-,暗影,-,-,-,-,-,2500,163,97.5,241,35,發勁,快手還擊,重磅衝撞,4,5,3,50000,3828718
82.5,82,三合一磁怪,電,鋼,-,-,暗影,-,-,-,-,-,2496,184.7,148.3,123,44,伏特替換,放電,磁鐵炸彈,3,3,3,50000,3369634
82.5,212,巨鉗螳螂,蟲,鋼,-,-,暗影,-,-,-,-,-,2494,177.1,144.6,137,31,子彈拳,暗襲要害,起草,5,7,5,75000,3507755
82.4,905,眷戀雲,妖精,飛行,-,靈獸,-,-,-,-,-,-,2498,177.7,149.9,131,27,妖精之風,魔法火焰,月亮之力,5,7,20,100000,3490308
82.4,26,雷丘,電,超能力,阿羅拉,-,-,-,-,-,-,-,2496,177.9,138.7,142,49,電擊,起草,瘋狂伏特,5,5,1,10000,3503169
82.3,983,仆斬將軍,惡,鋼,-,-,-,-,-,-,-,-,2500,163.6,145.6,160,25,金屬音,欺詐,真氣彈,5,10,5,75000,3812498
82.3,154,大竺葵,草,,-,-,-,-,-,-,-,-,2497,143.2,179.9,169,48.5,藤鞭,瘋狂植物*,地震,6,9,3,10000,4354660
82.3,143,卡比獸,一般,,-,-,-,-,-,-,-,-,2495,139.1,131.2,245,28.5,舌舔,泰山壓頂,地震,12,22,5,75000,4470989
82.3,248,班基拉斯,岩石,惡,-,-,暗影,-,-,-,-,-,2498,166.9,142.7,157,24,龍息,狂舞揮打,尖石攻擊,9,14,5,75000,3737922
82.2,6,噴火龍,火,飛行,-,-,暗影,-,-,-,-,-,2500,171.5,140.6,151,34,龍息*,爆炸烈焰*,空氣利刃,13,9,3,10000,3640809
82.1,920,烈腿蝗,蟲,惡,-,-,-,-,-,-,-,-,2494,173.8,131.6,156,47.5,突襲,十字剪,起草,6,7,1,50000,3569405
82.1,89,臭臭泥,毒,,-,-,暗影,-,-,-,-,-,2497,150,144.6,191,37,毒擊,惡之波動,雷電拳,8,6,3,50000,4142335
82.1,545,蜈蚣王,蟲,毒,-,-,暗影,-,-,-,-,-,2497,170.3,154.7,139,46.5,毒針,水流尾,超級角擊,4,7,1,10000,3662145
82.1,892,武道熊師,格鬥,惡,-,-,-,-,一擊流,-,-,-,2487,176.5,125.6,158,24.5,突襲,以牙還牙,爆裂拳,9,7,20,100000,3504394
82,713,冰岩怪,冰,岩石,洗翠,-,-,-,-,-,-,-,2499,151.3,172.6,158,26.5,細雪,岩崩,冰凍之風,6,6,3,50000,4126031
82,323,噴火駝,火,地面,-,-,-,Mega,-,-,-,-,2494,183.3,141.2,131,28.5,燒盡,大地之力,岩石封鎖,3,3,3,50000,3390429
82,621,赤面龍,龍,,-,-,-,-,-,-,-,-,2498,169,141,155,38,龍尾,暗襲要害,岩石封鎖,3,5,5,75000,3693771
82,381,拉帝歐斯,龍,超能力,-,-,-,Mega,-,-,-,-,2487,193.3,144,115,18,龍息,波導彈,潔淨光芒*,10,15,20,100000,3199454
82,484,帕路奇亞,水,龍,-,-,暗影,-,-,-,-,-,2495,185.1,145.4,124,23,龍息,水流尾,流星群,9,17,20,100000,3338805
82,78,烈焰馬,超能力,妖精,伽勒爾,-,-,-,-,-,-,-,2498,173.1,143.6,145,46,妖精之風,泰山壓頂,瘋狂伏特*,4,5,3,50000,3602748
82,373,暴飛龍,龍,飛行,-,-,-,-,-,-,-,-,2500,185.9,119.8,151,24,龍尾,飛翔,狂舞揮打,4,3,5,75000,3361091
82,208,大鋼蛇,鋼,地面,-,-,-,Mega,-,-,-,-,2496,144.9,227.8,130,25,龍尾,精神之牙,地震,3,6,5,75000,4291653
81.9,997,凍脊龍,龍,冰,-,-,-,-,-,-,-,-,2365,158,120.2,186,50,龍息,雪崩,龍爪,12,13,5,75000,3530820
81.9,448,路卡利歐,格鬥,鋼,-,-,-,Mega,-,-,-,-,2500,205.5,124.3,119,24,發勁*,波導彈,彗星拳,4,5,5,75000,3040634
81.9,473,象牙豬,冰,地面,-,-,-,-,-,-,-,-,2497,175.8,112.1,180,27.5,細雪,冰錐,十萬馬力,5,8,3,50000,3547608
81.9,786,卡璞・蝶蝶,超能力,妖精,-,-,-,-,-,-,-,-,2482,179.8,151.2,126,26,驚嚇,自然之怒*,精神衝擊,5,4,20,100000,3426352
81.9,71,大食花,草,毒,-,-,-,Mega,-,-,-,-,2495,183.2,132.8,139,26,溶解液,葉刃,污泥炸彈,5,7,3,50000,3383033
81.8,257,火焰雞,火,格鬥,-,-,-,Mega,-,-,-,-,2499,208.6,113.4,126,22,火花,波導彈,爆炸烈焰*,5,6,3,10000,2981457
81.8,18,大比鳥,一般,飛行,-,-,-,-,-,-,-,-,2407,152.1,142,176,50,翅膀攻擊*,龍捲風,勇鳥猛攻,5,7,1,10000,3801427
81.7,323,噴火駝,火,地面,-,-,暗影,-,-,-,-,-,2479,175.6,126.9,157,50,燒盡,大地之力,岩石封鎖,3,3,3,50000,3498579
81.7,362,冰鬼護,冰,,-,-,-,-,-,-,-,-,2380,148.7,148.7,172,50,細雪,雪崩,暗影球,6,7,3,50000,3804904
81.7,80,呆殼獸,水,超能力,-,-,-,Mega,-,-,-,-,2497,150.8,181.2,151,24.5,念力,衝浪*,吸取拳,4,3,3,50000,4124329
81.6,26,雷丘,電,,-,-,-,-,-,-,-,-,2467,174.8,139.5,142,50,電擊,劈瓦,瘋狂伏特,5,5,1,10000,3462012
81.6,28,穿山王,地面,,-,-,暗影,-,-,-,-,-,2499,155.8,157.5,163,49.5,潑沙,暗襲要害*,岩石封鎖,9,13,3,50000,4000765
81.5,851,焚焰蚣,火,蟲,-,-,-,-,-,-,-,-,2499,166.6,127.2,177,32,火花,熱風,猛撲,5,5,5,75000,3750744
81.5,754,蘭螳花,草,,-,-,-,-,-,-,-,-,2499,162.7,152.8,154,48,樹葉,葉刃,蠻力,5,5,3,50000,3828817
81.4,652,布里卡隆,草,格鬥,-,-,暗影,-,-,-,-,-,2500,153.7,164.2,161,33,踢倒,蠻力,瘋狂植物*,5,6,3,10000,4063213
81.4,154,大竺葵,草,,-,-,暗影,-,-,-,-,-,2497,143.2,179.9,169,48.5,藤鞭,瘋狂植物*,地震,6,9,3,10000,4354660
81.4,914,狂歡浪舞鴨,水,格鬥,-,-,-,-,-,-,-,-,2494,176.3,127.8,156,30.5,踢倒,近身戰,加農水砲*,6,5,3,10000,3516848
81.3,324,煤炭龜,火,,-,-,-,-,-,-,-,-,2366,139.5,183.2,157,50,火花,火焰輪,過熱,5,7,3,50000,4011742
81.3,389,土台龜,草,地面,-,-,-,-,-,-,-,-,2500,155.1,152.8,170,33.5,擲泥,瘋狂植物*,尖石攻擊,5,6,3,10000,4028001
81.2,647,凱路迪歐,水,格鬥,-,覺悟,-,-,-,-,-,-,2482,177.4,134.8,145,24,踢倒,神秘之劍*,水流噴射,5,5,20,100000,3466877
81.2,82,三合一磁怪,電,鋼,-,-,-,-,-,-,-,-,2496,184.7,148.3,123,44,伏特替換,放電,磁鐵炸彈,3,3,3,50000,3369634
81.2,18,大比鳥,一般,飛行,-,-,暗影,-,-,-,-,-,2407,152.1,142,176,50,翅膀攻擊*,勇鳥猛攻,龍捲風,7,5,1,10000,3801427
81.2,384,烈空坐,龍,飛行,-,-,-,-,-,-,-,-,2480,186.5,119.8,147,23.5,龍尾,廣域破壞*,畫龍點睛*,5,4,20,100000,3284503
81.2,212,巨鉗螳螂,蟲,鋼,-,-,-,Mega,-,-,-,-,2500,179.3,164.1,118,22.5,連斬,暗襲要害,十字剪,9,10,5,75000,3472690
81.2,738,鍬農炮蟲,蟲,電,-,-,-,-,-,-,-,-,2498,187.2,123.3,144,29.5,伏特替換*,十字剪,飛翔,3,3,1,10000,3325037
81.1,927,麻花犬,妖精,,-,-,-,-,-,-,-,-,2370,146.2,190.7,137,50,撒嬌,泰山壓頂,精神之牙,5,5,3,50000,3820889
81.1,89,臭臭泥,毒,,-,-,-,-,-,-,-,-,2497,150,144.6,191,37,毒擊,雷電拳,惡之波動,6,8,3,50000,4142335
81,652,布里卡隆,草,格鬥,-,-,-,-,-,-,-,-,2500,153.7,164.2,161,33,踢倒,蠻力,瘋狂植物*,5,6,3,10000,4063213
81,530,龍頭地鼠,地面,鋼,-,-,暗影,-,-,-,-,-,2499,184.5,101.8,180,28,泥巴射擊,直衝鑽,岩崩,5,5,3,50000,3380431
81,3,妙蛙花,草,毒,-,-,-,Mega,-,-,-,-,2497,163.6,171,136,25,藤鞭,瘋狂植物*,污泥攻擊,6,5,3,10000,3805503
80.9,483,帝牙盧卡,鋼,龍,-,-,-,-,-,-,-,-,2493,178.1,142.6,137,22.5,龍息,鐵頭,打雷,13,15,20,100000,3477820
80.9,649,蓋諾賽克特,蟲,鋼,-,-,-,-,-,-,-,-,2493,181.9,147.2,127,27,連斬,十字剪,高科技光炮 一般*,10,14,20,100000,3398909
80.9,94,耿鬼,幽靈,毒,-,-,-,-,-,-,-,-,2496,199.4,123,127,33,暗影爪,暗影拳*,暗影球,5,7,3,50000,3114404
80.9,798,紙御劍,草,鋼,-,-,-,-,-,-,-,-,2500,218.4,128.2,102,25,連斬,葉刃,聖劍,9,9,20,100000,2857040
80.9,249,洛奇亞,超能力,飛行,-,-,暗影,-,-,-,-,-,2489,134.9,212.9,160,24.5,龍尾,飛翔,預知未來,4,6,20,100000,4595122
80.9,473,象牙豬,冰,地面,-,-,暗影,-,-,-,-,-,2497,175.8,112.1,180,27.5,細雪,冰錐,十萬馬力,5,8,3,50000,3547608
80.9,376,巨金怪,鋼,超能力,-,-,-,-,-,-,-,-,2499,171.5,158.4,134,24,暗影爪*,彗星拳*,地震,6,9,5,75000,3638776
80.9,923,巴布土撥,電,格鬥,-,-,-,-,-,-,-,-,2500,187.1,120.5,148,40.5,電擊,劈瓦*,瘋狂伏特,5,5,3,75000,3336944
80.9,378,雷吉艾斯,冰,,-,-,暗影,-,-,-,-,-,2483,135.4,231.2,145,30,鎖定,打雷*,暴風雪,12,15,20,100000,4538297
80.9,110,雙彈瓦斯,毒,,-,-,-,-,-,-,-,-,2495,153.3,177.6,149,49.5,滾動,污泥炸彈,暗影球,4,4,3,50000,4057493
80.8,362,冰鬼護,冰,,-,-,暗影,-,-,-,-,-,2380,148.7,148.7,172,50,細雪,雪崩,暗影球,6,7,3,50000,3804904
80.8,67,豪力,格鬥,,-,-,暗影,-,-,-,-,-,2296,161.3,117.6,172,50,空手劈,十字劈*,爆裂拳,4,5,3,50000,3264574
80.8,178,天然鳥,超能力,飛行,-,-,暗影,-,-,-,-,-,2474,173.9,135.3,149,50,啄,精神衝擊,暗影球,5,7,3,50000,3506318
80.7,721,波爾凱尼恩,火,水,-,-,-,-,-,-,-,-,2488,174.7,151.2,134,24,燒盡,熱水,過熱,3,3,20,100000,3539663
80.7,110,雙彈瓦斯,毒,,-,-,暗影,-,-,-,-,-,2500,155.4,176.2,147,49,滾動,污泥炸彈,暗影球,4,4,3,50000,4025295
80.5,306,波士可多拉,鋼,,-,-,-,Mega,-,-,-,-,2499,157.3,216.8,116,22,龍尾,流星光束,岩石封鎖,5,5,1,10000,3954968
80.5,141,鐮刀盔,岩石,水,-,-,-,-,-,-,-,-,2497,174.6,156,131,37.5,連斬*,水流噴射,尖石攻擊,10,14,5,75000,3568174
80.5,545,蜈蚣王,蟲,毒,-,-,-,-,-,-,-,-,2497,170.3,154.7,139,46.5,毒針,水流尾,超級角擊,4,7,1,10000,3662145
80.5,1013,來悲粗茶,草,幽靈,-,-,-,-,-,-,-,-,2497,171.1,153.2,139,32,驚嚇,暗影球,能量球,5,5,3,50000,3643425
80.5,199,呆呆王,毒,超能力,伽勒爾,-,-,-,-,-,-,-,2500,151.7,152.4,178,38.5,溶解液,衝浪*,暗影球,6,7,3,50000,4115633
80.5,178,天然鳥,超能力,飛行,-,-,-,-,-,-,-,-,2474,173.9,135.3,149,50,啄,精神衝擊,暗影球,5,7,3,50000,3506318
80.4,22,大嘴雀,一般,飛行,-,-,-,-,-,-,-,-,2257,165.5,124.4,149,50,啄,啄鑽,直衝鑽,5,5,1,10000,3067489
80.4,250,鳳王,火,飛行,-,-,-,-,-,-,-,-,2481,158,167.7,147,23.5,燒盡,勇鳥猛攻,神聖之火*,3,4,20,100000,3895786
80.4,26,雷丘,電,,-,-,-,-,-,-,-,-,2499,192.1,147.1,115,26,伏特替換,瘋狂伏特,雷電拳,3,3,1,10000,3250164
80.3,211,千針魚,惡,毒,洗翠,-,-,-,-,-,-,-,2415,167.2,139.5,149,50,毒擊,水流尾,惡之波動,5,8,3,50000,3475491
80.2,122,魔牆人偶,超能力,妖精,-,-,-,-,-,-,-,-,2498,173.4,183.5,113,49.5,精神波,暗影球,精神強念,13,14,5,75000,3595651
80.2,217,圈圈熊,一般,,-,-,-,-,-,-,-,-,2499,179.3,118.3,164,32,暗影爪,高速星星,近身戰,5,6,3,50000,3476626
80.2,644,捷克羅姆,龍,電,-,-,-,-,-,-,-,-,2493,178.1,142.6,137,22.5,龍息,咬碎,瘋狂伏特,12,12,20,100000,3477820
80.1,937,蒼炎刃鬼,火,幽靈,-,-,-,-,-,-,-,-,2500,175.5,143.9,141,29,燒盡,暗影球,蓄能焰襲,3,3,5,50000,3561055
80.1,141,鐮刀盔,岩石,水,-,-,暗影,-,-,-,-,-,2497,174.6,156,131,37.5,連斬*,水流噴射,尖石攻擊,10,14,5,75000,3568174
80.1,503,大劍鬼,水,惡,洗翠,-,-,-,-,-,-,-,2498,169.7,127.7,169,35.5,連斬,冰凍之風,惡之波動,12,13,3,10000,3661806
80.1,581,舞天鵝,水,飛行,-,-,暗影,-,-,-,-,-,2361,165.5,123.5,164,50,起風,水流噴射,飛翔,3,4,3,50000,3353483
80,358,風鈴鈴,超能力,,-,-,-,-,-,-,-,-,2500,157.1,153.8,164,50,驚嚇,精神衝擊,暗影球,4,5,5,75000,3962829
79.9,59,風速狗,火,,-,-,暗影,-,-,-,-,-,2500,170.4,132.1,163,31,火焰牙,瘋狂伏特,精神之牙,8,6,3,50000,3668546
79.9,164,貓頭夜鷹,一般,飛行,-,-,-,-,-,-,-,-,2288,134.4,143.7,201,50,翅膀攻擊,暗影球,神鳥猛擊,7,7,1,10000,3883121
79.9,369,古空棘魚,水,岩石,-,-,-,-,-,-,-,-,2497,134.9,176.4,194,44.5,水槍,水流尾,原始之力,12,15,5,75000,4616800
79.9,248,班基拉斯,岩石,惡,-,-,-,Mega,-,-,-,-,2498,172.4,160.3,131,17,龍息,狂舞揮打,尖石攻擊,9,14,5,75000,3619803
79.8,779,磨牙彩皮魚,水,超能力,-,-,-,-,-,-,-,-,2499,176,132,152,48,念力,水流尾,精神之牙,3,3,3,50000,3532211
79.8,87,白海獅,水,冰,-,-,-,-,-,-,-,-,2245,129.4,161.3,186,50,冰礫*,冰凍之風*,直衝鑽,5,4,3,50000,3883324
79.8,526,龐岩怪,岩石,,-,-,暗影,-,-,-,-,-,2497,164,154,150,28.5,鎖定,流星光束*,蠻力,12,8,3,50000,3790163
79.8,941,大電海燕,電,飛行,-,-,-,-,-,-,-,-,2494,184,120.2,152,45.5,電擊,雜技,燕返,7,5,1,10000,3362341
79.7,171,電燈怪,水,電,-,-,-,-,-,-,-,-,2357,135.3,127.7,237,50,電光,衝浪,十萬伏特,7,8,3,50000,4095308
79.7,826,以歐路普,蟲,超能力,-,-,-,-,-,-,-,-,2491,142.9,214.3,142,50,念力,精神衝擊,蟲鳴,3,5,1,10000,4346565
79.7,642,雷電雲,電,飛行,-,化身,暗影,-,-,-,-,-,2490,189.8,124.7,138,27.5,電擊,雷電拳,劈瓦,5,5,20,100000,3266915
79.6,594,保母曼波,水,,-,-,-,-,-,-,-,-,2452,128.6,122.7,296,50,攀瀑,水炮,暴風雪,8,8,5,75000,4668794
79.6,475,艾路雷朵,超能力,格鬥,-,-,-,Mega,-,-,-,-,2493,197.1,146.4,109,20,精神利刃,近身戰,葉刃,5,4,5,75000,3145118
79.6,542,保母蟲,蟲,草,-,-,-,-,-,-,-,-,2498,166.7,143.6,156,41.5,暗影爪*,葉刃,十字剪,5,5,1,10000,3735388
79.6,143,卡比獸,一般,,-,-,暗影,-,-,-,-,-,2495,139.1,131.2,245,28.5,舌舔,泰山壓頂,地震,12,22,5,75000,4470989
79.5,890,無極汰那,毒,龍,-,-,-,-,-,-,-,-,2498,174.4,123.1,166,20,龍尾,極巨炮*,污泥炸彈,4,5,20,100000,3563597
79.5,89,臭臭泥,毒,惡,阿羅拉,-,-,-,-,-,-,-,2497,150,144.6,191,37,毒擊,惡之波動,酸液炸彈,8,7,3,50000,4142335
79.5,791,索爾迦雷歐,超能力,鋼,-,-,-,-,-,-,-,-,2499,166.6,130.7,172,23,火焰旋渦,精神之牙,鐵頭,4,5,20,100000,3744360
79.5,899,詭角鹿,一般,超能力,-,-,-,-,-,-,-,-,2496,163,123.4,190,37.5,念力,瘋狂伏特,踩踏,4,3,5,75000,3820904
79.4,101,頑皮雷彈,電,,-,-,暗影,-,-,-,-,-,2373,158,158,142,50,伏特替換,欺詐,放電,3,3,3,50000,3543829
79.4,445,烈咬陸鯊,龍,地面,-,-,-,Mega,-,-,-,-,2494,187.8,128.6,137,16.5,龍尾,龍捲風,大地之力*,4,5,5,75000,3307972
79.4,376,巨金怪,鋼,超能力,-,-,暗影,-,-,-,-,-,2499,171.5,158.4,134,24,暗影爪*,彗星拳*,地震,6,9,5,75000,3638776
79.4,211,千針魚,水,毒,-,-,暗影,-,-,-,-,-,2318,167.2,128.6,149,50,毒針,水流尾,冰凍光束,4,7,3,50000,3203314
79.4,785,卡璞・鳴鳴,電,妖精,-,-,-,-,-,-,-,-,2496,184.2,138.8,132,29,伏特替換,十萬伏特,自然之怒*,4,4,20,100000,3375289
79.4,134,水伊布,水,,-,-,-,-,-,-,-,-,2494,151.6,127.7,211,29.5,水槍,水流尾,珍藏*,12,19,5,75000,4086079
79.3,483,帝牙盧卡,鋼,龍,-,-,暗影,-,-,-,-,-,2479,178.7,140.7,136,22.5,龍息,鐵頭,打雷,13,15,20,100000,3418525
79.3,478,雪妖女,冰,幽靈,-,-,-,-,-,-,-,-,2306,156.3,138.6,157,50,細雪,雪崩,暗影球,6,7,3,50000,3402243
79.3,76,隆隆岩,岩石,電,阿羅拉,-,暗影,-,-,-,-,-,2499,160.6,159.1,152,32.5,伏特替換,瘋狂伏特,岩石爆擊,3,3,1,10000,3881936
79.3,581,舞天鵝,水,飛行,-,-,-,-,-,-,-,-,2361,165.5,123.5,164,50,起風,水流噴射,飛翔,3,4,3,50000,3353483
79.3,389,土台龜,草,地面,-,-,暗影,-,-,-,-,-,2500,155.1,152.8,170,33.5,擲泥,瘋狂植物*,流沙地獄,5,4,3,10000,4028001
79.2,1011,裹蜜蟲,草,龍,-,-,-,-,-,-,-,-,2494,147.8,166.2,171,49,龍尾,種子炸彈,逆鱗,4,5,5,75000,4202497
79.2,643,萊希拉姆,龍,火,-,-,-,-,-,-,-,-,2493,178.1,142.6,137,22.5,龍息,咬碎,過熱,12,14,20,100000,3477820
79.1,128,肯泰羅,格鬥,水,-,-,-,-,水瀾,-,-,-,2499,163,158.4,148,35,二連踢,水流噴射,起草,4,4,3,50000,3820775
79,97,引夢貘人,超能力,,-,-,暗影,-,-,-,-,-,2363,133.6,174.8,178,50,念力,雷電拳,冰凍拳,3,3,3,50000,4156705
79,497,君主蛇,草,,-,-,-,-,-,-,-,-,2500,144.9,182.4,163,48.5,藤鞭,瘋狂植物*,燕返,6,6,3,10000,4307907
79,571,索羅亞克,一般,幽靈,洗翠,-,-,-,-,-,-,-,2494,209.5,112.2,126,39,暗影爪,暗影球,欺詐,7,5,5,75000,2961798
78.9,596,電蜘蛛,蟲,電,-,-,暗影,-,-,-,-,-,2494,181.5,120.2,157,50,伏特替換,放電,十字毒刃,3,3,3,50000,3424193
78.9,485,席多藍恩,火,鋼,-,-,-,-,-,-,-,-,2491,168.6,150.8,144,24.5,火焰旋渦,熔岩風暴*,大地之力,4,5,20,100000,3660400
78.9,464,超甲狂犀,地面,岩石,-,-,-,-,-,-,-,-,2500,162.7,134.9,175,24.5,擲泥,直衝鑽,岩石炮*,4,5,3,50000,3839674
78.9,254,蜥蜴王,草,,-,-,暗影,-,-,-,-,-,2496,175.5,141.5,143,37,連斬,葉刃,廣域破壞,9,13,3,10000,3551252
78.8,126,鴨嘴火獸,火,,-,-,-,-,-,-,-,-,2496,174.4,140.3,146,48,空手劈,火焰拳,熱沙大地,5,6,5,75000,3572144
78.8,376,巨金怪,鋼,超能力,-,-,-,Mega,-,-,-,-,2495,174.7,174.1,117,18.5,暗影爪*,彗星拳*,地震,6,9,5,75000,3557842
78.8,89,臭臭泥,毒,惡,阿羅拉,-,暗影,-,-,-,-,-,2497,150,144.6,191,37,毒擊,惡之波動,酸液炸彈,8,7,3,50000,4142335
78.8,894,雷吉艾勒奇,電,,-,-,-,-,-,-,-,-,2486,193.5,106.2,155,34.5,伏特替換,雷電囚籠*,破壞光線,3,5,20,100000,3184640
78.8,317,吞食獸,毒,,-,-,-,-,-,-,-,-,2236,130.2,146.2,201,50,泥巴射擊,污泥攻擊,冰凍光束,5,7,1,10000,3827769
78.7,181,電龍,電,龍,-,-,-,Mega,-,-,-,-,2498,184.6,134.4,136,21.5,伏特替換,狂舞揮打,雷電拳,3,3,5,75000,3374140
78.7,9,水箭龜,水,,-,-,-,Mega,-,-,-,-,2487,171.7,161.4,130,23,滾動,加農水砲*,冰凍光束,4,5,3,10000,3603499
78.7,237,戰舞郎,格鬥,,-,-,-,-,-,-,-,-,2438,158,186.5,127,50,雙倍奉還,近身戰,三旋擊,8,8,5,75000,3742685
78.6,67,豪力,格鬥,,-,-,-,-,-,-,-,-,2296,161.3,117.6,172,50,空手劈,十字劈*,爆裂拳,4,5,3,50000,3264574
78.5,655,妖火紅狐,火,超能力,-,-,-,-,-,-,-,-,2500,171.9,149.9,141,30.5,火焰旋渦,精神衝擊,爆炸烈焰*,4,5,3,10000,3633571
78.5,125,電擊獸,電,,-,-,暗影,-,-,-,-,-,2494,172.8,142.3,146,46.5,電擊,雷電拳,十萬伏特,5,7,5,75000,3590962
78.5,841,蘋裹龍,草,龍,-,-,-,-,-,-,-,-,2499,178.3,129.2,152,45.5,龍息,飛翔,種子炸彈,12,10,5,75000,3501510
78.5,648,美洛耶塔,一般,超能力,-,-,-,-,歌聲,-,-,-,2484,164.7,150.2,151,22.5,念力,精神衝擊,魔法閃耀,3,4,20,100000,3735910
78.5,758,焰后蜥,毒,火,-,-,-,-,-,-,-,-,2500,189.6,116.7,149,44,燒盡,劇毒牙,龍之波動,2,3,3,50000,3296524
78.5,321,吼鯨王,水,,-,-,暗影,-,-,-,-,-,2492,155.7,84.9,301,48.5,滾動,熱水,暴風雪,4,6,1,10000,3981930
78.5,889,藏瑪然特,格鬥,鋼,-,-,-,-,盾之王,-,-,-,2494,160.4,187.3,129,22,冰凍牙,近身戰,巨獸彈<sup>†</sup>,8,8,20,100000,3876467
78.4,76,隆隆岩,岩石,電,阿羅拉,-,-,-,-,-,-,-,2499,160.6,159.1,152,32.5,伏特替換,岩石爆擊,瘋狂伏特,3,3,1,10000,3881936
78.4,211,千針魚,水,毒,-,-,-,-,-,-,-,-,2318,167.2,128.6,149,50,毒針,水流尾,暗影球,4,6,3,50000,3203314
78.3,655,妖火紅狐,火,超能力,-,-,暗影,-,-,-,-,-,2500,171.9,149.9,141,30.5,火焰旋渦,精神衝擊,爆炸烈焰*,4,5,3,10000,3633571
78.2,815,閃焰王牌,火,,-,-,-,-,-,-,-,-,2500,179.3,130.6,149,31,火焰旋渦,爆炸烈焰*,火焰球,5,4,3,10000,3488247
78.2,858,布莉姆溫,超能力,妖精,-,-,-,-,-,-,-,-,2493,182.8,149.5,124,34.5,精神利刃,精神衝擊,強力鞭打,5,6,5,50000,3388172
78.2,464,超甲狂犀,地面,岩石,-,-,暗影,-,-,-,-,-,2500,162.7,134.9,175,24.5,擲泥,直衝鑽,岩石炮*,4,5,3,50000,3839674
78.2,245,水君,水,,-,-,暗影,-,-,-,-,-,2493,139.5,180.7,176,33,冰凍牙,熱水,冰凍光束,9,10,20,100000,4434947
78.1,142,化石翼龍,岩石,飛行,-,-,-,-,-,-,-,-,2495,172.7,132.8,157,36,龍息,岩崩,大地之力,12,13,5,75000,3598891
78.1,530,龍頭地鼠,地面,鋼,-,-,-,-,-,-,-,-,2499,184.5,101.8,180,28,泥巴射擊,直衝鑽,岩崩,5,5,3,50000,3380431
78.1,750,重泥挽馬,地面,,-,-,-,-,-,-,-,-,2500,160.8,136.5,177,31,擲泥,泰山壓頂,地震,4,7,3,50000,3885464
78.1,903,大狃拉,格鬥,毒,-,-,暗影,-,-,-,-,-,2497,187.6,121.2,146,28.5,暗影爪,近身戰,十字剪,6,5,5,75000,3320034
78.1,398,姆克鷹,一般,飛行,-,-,暗影,-,-,-,-,-,2499,181.3,117.6,161,34.5,翅膀攻擊,飛翔,近身戰,6,6,1,10000,3432542
78.1,892,武道熊師,格鬥,水,-,-,-,-,連擊流,-,-,-,2487,176.5,125.6,158,24.5,攀瀑,水流噴射,爆裂拳,4,5,20,100000,3504394
78,707,鑰圈兒,鋼,妖精,-,-,-,-,-,-,-,-,2204,147.1,163,137,50,驚嚇,欺詐,嬉鬧,4,6,3,50000,3284196
78,199,呆呆王,水,超能力,-,-,-,-,-,-,-,-,2498,146.6,156.2,186,43,念力,衝浪*,暴風雪,4,6,3,50000,4258939
78,128,肯泰羅,格鬥,,-,-,-,-,鬥戰,-,-,-,2499,163,158.4,148,35,二連踢,近身戰,起草,4,4,3,50000,3820775
78,340,鯰魚王,水,地面,-,-,-,-,-,-,-,-,2346,139.5,131.1,215,50,泥巴射擊,泥巴炸彈,熱水,5,6,1,10000,3931334
77.9,533,鐵骨土人,格鬥,,-,-,-,-,-,-,-,-,2452,163.9,125.2,178,50,踢倒,劈瓦,尖石攻擊,5,7,5,75000,3651822
77.9,533,鐵骨土人,格鬥,,-,-,暗影,-,-,-,-,-,2452,163.9,125.2,178,50,踢倒,劈瓦,尖石攻擊,5,7,5,75000,3651822
77.9,485,席多藍恩,火,鋼,-,-,暗影,-,-,-,-,-,2480,170.8,148.6,142,24,火焰旋渦,熔岩風暴*,大地之力,4,5,20,100000,3603202
77.8,251,時拉比,超能力,草,-,-,-,-,-,-,-,-,2493,155.5,154.8,166,27.5,念力,種子炸彈,波導彈,3,3,20,100000,3996896
77.8,101,頑皮雷彈,電,,-,-,-,-,-,-,-,-,2373,158,158,142,50,伏特替換,欺詐,放電,3,3,3,50000,3543829
77.8,576,哥德小姐,超能力,,-,-,-,-,-,-,-,-,2499,149.5,180.2,155,48,念力,岩崩,預知未來,4,5,3,50000,4173823
77.8,195,沼王,水,地面,-,-,-,-,-,-,-,-,2252,140.3,132.8,194,50,泥巴射擊,水流尾*,尖石攻擊,4,7,3,50000,3614465
77.8,254,蜥蜴王,草,,-,-,-,-,-,-,-,-,2496,175.5,141.5,143,37,連斬,葉刃,廣域破壞,9,13,3,10000,3551252
77.7,342,鐵螯龍蝦,水,惡,-,-,暗影,-,-,-,-,-,2497,185.9,128,141,45,攀瀑,暗襲要害,熱水,4,5,3,50000,3354969
77.7,500,炎武王,火,格鬥,-,-,-,-,-,-,-,-,2496,177,104.5,190,31.5,火花,爆炸烈焰*,岩崩,6,5,3,10000,3513627
77.7,126,鴨嘴火獸,火,,-,-,暗影,-,-,-,-,-,2496,174.4,140.3,146,48,火花,火焰拳,熱沙大地,5,6,5,75000,3572144
77.7,195,沼王,水,地面,-,-,暗影,-,-,-,-,-,2252,140.3,132.8,194,50,泥巴射擊,水流尾*,尖石攻擊,4,7,3,50000,3614465
77.7,145,閃電鳥,格鬥,飛行,伽勒爾,-,-,-,-,-,-,-,2490,174.7,136.3,149,25.5,踢倒,飛翔,勇鳥猛攻,6,7,20,100000,3547372
77.6,596,電蜘蛛,蟲,電,-,-,-,-,-,-,-,-,2494,181.5,120.2,157,50,伏特替換,放電,十字毒刃,3,3,3,50000,3424193
77.5,760,穿著熊,一般,格鬥,-,-,-,-,-,-,-,-,2499,166.9,112.5,199,29.5,暗影爪,蠻力,踩踏,5,5,1,10000,3734891
77.5,589,騎士蝸牛,蟲,鋼,-,-,-,-,-,-,-,-,2499,170.9,152.1,140,33.5,蟲咬,貝殼刃*,直衝鑽,12,14,3,50000,3637330
77.5,972,墓揚犬,幽靈,,-,-,-,-,-,-,-,-,2500,154.4,170.7,153,44.5,舌舔,暗影球,精神之牙,17,12,3,50000,4033071
77.4,232,頓甲,地面,,-,-,-,-,-,-,-,-,2494,160.8,147.6,163,31,擲泥,泰山壓頂,地震,4,7,3,50000,3868258
77.4,905,眷戀雲,妖精,飛行,-,化身,-,-,-,-,-,-,2499,198.5,121.5,130,27,妖精之風,飛翔,魔法閃耀,5,7,20,100000,3135062
77.4,55,哥達鴨,水,,-,-,暗影,-,-,-,-,-,2500,160.4,144,168,46.5,念力,十字劈,水流裂破,3,4,3,50000,3881276
77.4,645,土地雲,地面,飛行,-,靈獸,-,-,-,-,-,-,2484,189,124.3,139,23,泥巴射擊,熱沙風暴*,尖石攻擊,5,7,20,100000,3265008
77.4,547,風妖精,草,妖精,-,-,-,-,-,-,-,-,2277,150.4,160.5,142,50,妖精之風,月亮之力,種子炸彈,7,5,1,10000,3428021
77.3,306,波士可多拉,鋼,岩石,-,-,-,-,-,-,-,-,2498,150.4,201.5,137,31.5,龍尾,岩石封鎖,打雷,5,5,1,10000,4151170
77.3,862,堵攔熊,惡,一般,-,-,-,-,-,-,-,-,2497,145.4,165.2,178,40,雙倍奉還,暗襲要害,十字劈,6,6,3,10000,4275315
77.3,697,怪顎龍,岩石,龍,-,-,-,-,-,-,-,-,2499,167.6,148.7,149,29.5,龍尾,岩石封鎖,咬碎,5,4,5,75000,3714646
77.2,144,急凍鳥,超能力,飛行,伽勒爾,-,-,-,-,-,-,-,2487,172,140.3,149,25.5,精神利刃,飛翔,勇鳥猛攻,5,7,20,100000,3596327
77.2,125,電擊獸,電,,-,-,-,-,-,-,-,-,2490,168.9,145.4,149,50,電擊,雷電拳,報恩<sup>†</sup>,5,8,5,75000,3658450
77.2,500,炎武王,火,格鬥,-,-,暗影,-,-,-,-,-,2496,177,104.5,190,31.5,火花,爆炸烈焰*,岩崩,6,5,3,10000,3513627
77.2,589,騎士蝸牛,蟲,鋼,-,-,暗影,-,-,-,-,-,2499,170.9,152.1,140,33.5,蟲咬,直衝鑽,貝殼刃*,14,12,3,50000,3637330
77.2,55,哥達鴨,水,,-,-,-,-,-,-,-,-,2500,160.4,144,168,46.5,念力,十字劈,水流裂破,3,4,3,50000,3881276
77.2,620,師父鼬,格鬥,,-,-,-,-,-,-,-,-,2500,204.1,108.6,138,37.5,發勁,狂舞揮打,劈瓦,4,4,3,50000,3060265
77.1,611,斧牙龍,龍,,-,-,暗影,-,-,-,-,-,2496,189.1,116,150,50,龍尾,水流尾,暗襲要害,3,3,5,75000,3288680
77.1,862,堵攔熊,惡,一般,-,-,暗影,-,-,-,-,-,2497,145.4,165.2,178,40,雙倍奉還,十字劈,暗襲要害,6,6,3,10000,4275315
77.1,777,托戈德瑪爾,電,鋼,-,-,-,-,-,-,-,-,2442,172.3,134.4,149,50,電擊,致命針刺,瘋狂伏特,4,5,3,50000,3450872
77.1,416,蜂女王,蟲,飛行,-,-,-,-,-,-,-,-,2267,137.8,172.3,157,50,連斬,十字剪,力量寶石,10,13,3,50000,3727058
77,888,蒼響,妖精,,-,-,-,-,百戰勇者,-,-,-,2491,169.5,161,134,24,大聲咆哮,瘋狂伏特,近身戰,4,4,20,100000,3656567
76.9,632,鐵蟻,蟲,鋼,-,-,-,-,-,-,-,-,2500,174,159.9,129,39.5,蟲咬,十字剪,尖石攻擊,14,19,3,50000,3588806
76.9,135,雷伊布,電,,-,-,-,-,-,-,-,-,2496,178.3,147.4,133,34,伏特替換,放電,珍藏*,3,4,5,75000,3495268
76.9,429,夢妖魔,幽靈,,-,-,-,-,-,-,-,-,2500,171,159.1,134,41,禍不單行,暗影球,魔法閃耀,4,5,3,50000,3644477
76.8,142,化石翼龍,岩石,飛行,-,-,暗影,-,-,-,-,-,2495,172.7,132.8,157,36,龍息,岩崩,大地之力,12,13,5,75000,3598891
76.8,332,夢歌仙人掌,草,惡,-,-,暗影,-,-,-,-,-,2499,194,108.3,153,48.5,突襲,爆裂拳,起草,7,7,3,50000,3214223
76.8,615,幾何雪花,冰,,-,-,-,-,-,-,-,-,2498,149.4,177.9,157,36.5,冰礫,暗襲要害,三旋擊,4,5,5,75000,4174746
76.8,94,耿鬼,幽靈,毒,-,-,-,Mega,-,-,-,-,2500,216.1,131,102,21,暗影爪,暗影拳*,污泥炸彈,5,7,3,50000,2887451
76.8,1019,蜜集大蛇,草,龍,-,-,-,-,-,-,-,-,2500,157.6,141.2,178,28.5,龍尾,種子炸彈,逆鱗,4,5,5,75000,3961526
76.8,908,魔幻假面喵,草,惡,-,-,-,-,-,-,-,-,2498,180.6,127.4,150,34.5,樹葉,暗襲要害,瘋狂植物*,5,6,3,10000,3451739
76.7,232,頓甲,地面,,-,-,暗影,-,-,-,-,-,2494,160.8,147.6,163,31,擲泥,泰山壓頂,地震,4,7,3,50000,3868258
76.7,478,雪妖女,冰,幽靈,-,-,暗影,-,-,-,-,-,2306,156.3,138.6,157,50,細雪,雪崩,暗影球,6,7,3,50000,3402243
76.7,34,尼多王,毒,地面,-,-,暗影,-,-,-,-,-,2494,166.5,136.9,164,42,連斬*,流沙地獄,大地之力,10,13,3,50000,3736018
76.7,523,雷電斑馬,電,,-,-,暗影,-,-,-,-,-,2499,177.4,124.6,159,47,踢倒,瘋狂伏特,放電,6,5,3,50000,3515897
76.6,34,尼多王,毒,地面,-,-,-,-,-,-,-,-,2494,166.5,136.9,164,42,連斬*,流沙地獄,大地之力,10,13,3,50000,3736018
76.6,715,音波龍,飛行,龍,-,-,-,-,-,-,-,-,2500,161.8,145.6,164,36.5,起風,熱風,暴風,4,5,5,75000,3862261
76.6,157,火爆獸,火,幽靈,洗翠,-,-,-,-,-,-,-,2495,179.3,137.4,141,30.5,火花,火焰拳,瘋狂伏特,5,5,3,10000,3473115
76.4,340,鯰魚王,水,地面,-,-,暗影,-,-,-,-,-,2346,139.5,131.1,215,50,泥巴射擊,泥巴炸彈,熱水,5,6,1,10000,3931334
76.2,332,夢歌仙人掌,草,惡,-,-,-,-,-,-,-,-,2499,194,108.3,153,48.5,突襲,爆裂拳,起草,7,7,3,50000,3214223
76.2,467,鴨嘴炎獸,火,,-,-,暗影,-,-,-,-,-,2500,182,133.8,141,29,空手劈,火焰拳,十萬伏特*,5,7,5,75000,3433937
76.2,865,蔥遊兵,格鬥,,-,-,-,-,-,-,-,-,2499,186.7,140.7,127,31.5,連斬,葉刃,近身戰,9,12,3,50000,3336898
76.1,127,凱羅斯,蟲,,-,-,暗影,-,-,-,-,-,2500,180.7,144.9,132,32.5,連斬,近身戰,十字剪,12,10,5,75000,3456032
76,842,豐蜜龍,草,龍,-,-,-,-,-,-,-,-,2500,150.2,131.2,211,47,驚嚇,能量球,逆鱗,5,6,5,75000,4158863
75.9,6,噴火龍,火,飛行,-,-,-,Mega Y,-,-,-,-,2500,195.4,136.1,120,20.5,火花*,爆炸烈焰*,空氣利刃,6,4,3,10000,3190243
75.9,362,冰鬼護,冰,,-,-,-,Mega,-,-,-,-,2500,183.1,129.4,144,28,細雪,雪崩,暗影球,6,7,3,50000,3410436
75.8,612,雙斧戰龍,龍,,-,-,暗影,-,-,-,-,-,2495,194.3,124.8,132,25.5,龍尾,暗襲要害,龍爪,3,5,5,75000,3200424
75.8,352,變隱龍,一般,,-,-,-,-,-,-,-,-,2314,147.9,171.4,142,50,突襲,爆裂拳,欺詐,7,6,5,75000,3599979
75.8,123,飛天螳螂,蟲,飛行,-,-,暗影,-,-,-,-,-,2498,172.9,143.3,145,38,連斬,暗襲要害,十字剪,9,10,5,75000,3593674
75.7,792,露奈雅拉,超能力,幽靈,-,-,-,-,-,-,-,-,2499,166.6,130.7,172,23,暗影爪,暗影球,月亮之力,7,8,20,100000,3744360
75.7,465,巨蔓藤,草,,-,-,-,-,-,-,-,-,2498,155.7,146.1,176,31,藤鞭,岩崩,強力鞭打,6,7,3,50000,4002227
75.7,787,卡璞・哞哞,草,妖精,-,-,-,-,-,-,-,-,2492,176.3,154.8,129,27,種子機關槍,打草結,自然之怒*,4,4,20,100000,3520684
75.6,945,塗標客,毒,一般,-,-,-,-,-,-,-,-,2494,176.2,137,146,49,擲泥,劇毒牙,污泥炸彈,4,5,3,50000,3525041
75.6,642,雷電雲,電,飛行,-,化身,-,-,-,-,-,-,2490,189.8,124.7,138,27.5,電擊,咬碎,打雷,5,7,20,100000,3266915
75.5,344,念力土偶,地面,超能力,-,-,-,-,-,-,-,-,2229,130.2,205,142,50,擲泥,冰凍光束,岩石封鎖,6,5,3,50000,3792090
75.5,900,劈斧螳螂,蟲,岩石,-,-,-,-,-,-,-,-,2496,185.6,136,133,29,連斬,十字剪,尖石攻擊,10,14,5,75000,3356394
75.5,429,夢妖魔,幽靈,,-,-,暗影,-,-,-,-,-,2500,171,159.1,134,41,禍不單行,暗影球,魔法閃耀,4,5,3,50000,3644477
75.5,766,投擲猴,格鬥,,-,-,-,-,-,-,-,-,2499,166.7,129.1,174,31,雙倍奉還,近身戰,劈瓦,8,7,3,75000,3745736
75.5,335,貓鼬斬,一般,,-,-,-,-,-,-,-,-,2493,186,114.4,157,46.5,暗影爪,近身戰,暗襲要害,6,5,3,50000,3338993
75.4,467,鴨嘴炎獸,火,,-,-,-,-,-,-,-,-,2500,182,133.8,141,29,空手劈,火焰拳,十萬伏特*,5,7,5,75000,3433937
75.3,227,盔甲鳥,鋼,飛行,-,-,-,-,-,-,-,-,2383,137,202.5,149,50,空氣斬,勇鳥猛攻,神鳥猛擊,7,6,5,75000,4132945
75.3,639,代拉基翁,岩石,格鬥,-,-,-,-,-,-,-,-,2500,177.7,133.6,148,25,二連踢,聖劍*,岩崩,3,4,20,100000,3512695
75.2,214,赫拉克羅斯,蟲,格鬥,-,-,-,Mega,-,-,-,-,2495,196.8,137.4,117,19,連斬,近身戰,快手還擊,12,10,3,50000,3164293
75.2,950,毛崖蟹,岩石,,-,-,-,-,-,-,-,-,2499,156.1,166.1,154,48,擲泥,重踏,岩石封鎖,5,5,3,75000,3991890
75.2,382,蓋歐卡,水,,-,-,-,-,-,-,-,-,2494,173.6,150.2,137,22.5,攀瀑,雪崩,根源波動*,5,6,20,100000,3572048
75.2,164,貓頭夜鷹,一般,飛行,-,-,暗影,-,-,-,-,-,2288,134.4,143.7,201,50,翅膀攻擊,暗影球,神鳥猛擊,7,7,1,10000,3883121
75.1,645,土地雲,地面,飛行,-,化身,-,-,-,-,-,-,2500,181.2,129.4,147,26,泥巴射擊,大地之力,岩崩,6,5,20,100000,3447126
75.1,641,龍捲雲,飛行,,-,靈獸,-,-,-,-,-,-,2498,174.1,145.3,141,29,起風,枯葉風暴*,熱風,4,4,20,100000,3567185
75.1,634,雙首暴龍,惡,龍,-,-,暗影,-,-,-,-,-,2079,146.2,126,160,50,龍息,泰山壓頂,惡之波動,9,13,5,75000,2948691
75,614,凍原熊,冰,,-,-,-,-,-,-,-,-,2497,174.1,122.2,168,30,細雪,冰凍拳,水流裂破,5,6,3,50000,3574941
75,903,大狃拉,格鬥,毒,-,-,-,-,-,-,-,-,2497,187.6,121.2,146,28.5,暗影爪,近身戰,十字剪,6,5,5,75000,3320034
75,49,摩魯蛾,蟲,毒,-,-,-,-,-,-,-,-,2354,163,132.8,157,50,精神波,銀色旋風,劇毒牙,12,10,3,50000,3398030
74.9,237,戰舞郎,格鬥,,-,-,暗影,-,-,-,-,-,2438,158,186.5,127,50,雙倍奉還,近身戰,三旋擊,8,8,5,75000,3742685
74.9,668,火炎獅,火,一般,-,-,-,-,-,-,-,-,2499,173.3,125.6,165,36.5,燒盡,蓄能焰襲,惡之波動,3,3,3,10000,3590631
74.9,128,肯泰羅,格鬥,火,-,-,-,-,火熾,-,-,-,2499,163,158.4,148,35,二連踢,蓄能焰襲,起草,5,4,3,50000,3820775
74.9,523,雷電斑馬,電,,-,-,-,-,-,-,-,-,2499,177.4,124.6,159,47,踢倒,瘋狂伏特,放電,6,5,3,50000,3515897
74.8,146,火焰鳥,火,飛行,-,-,暗影,-,-,-,-,-,2475,176.4,130.8,150,26,翅膀攻擊,飛翔,熱風,6,6,20,100000,3460962
74.7,359,阿勃梭魯,惡,,-,-,暗影,-,-,-,-,-,2497,200.7,108.4,142,42.5,精神利刃,狂舞揮打*,超級角擊,4,7,5,75000,3088738
74.7,306,波士可多拉,鋼,岩石,-,-,暗影,-,-,-,-,-,2498,150.4,201.5,137,31.5,龍尾,岩石封鎖,打雷,5,5,1,10000,4151170
74.7,884,鋁鋼龍,鋼,龍,-,-,-,-,-,-,-,-,2500,178.5,144.1,136,30,龍尾,龍爪,加農光炮,5,6,5,75000,3499944
74.7,203,麒麟奇,一般,超能力,-,-,暗影,-,-,-,-,-,2314,165.5,124.4,157,50,念力,精神之牙,起草,3,4,3,50000,3232186
74.7,398,姆克鷹,一般,飛行,-,-,-,-,-,-,-,-,2499,181.3,117.6,161,34.5,翅膀攻擊,飛翔,近身戰,6,6,1,10000,3432542
74.6,419,浮潛鼬,水,,-,-,-,-,-,-,-,-,2494,184,105.5,174,45.5,攀瀑,水流噴射,高速星星,4,4,3,50000,3377690
74.6,203,麒麟奇,一般,超能力,-,-,-,-,-,-,-,-,2314,165.5,124.4,157,50,念力,精神之牙,起草,3,4,3,50000,3232186
74.6,275,狡猾天狗,草,惡,-,-,-,-,-,-,-,-,2497,175,112.2,181,47,大聲咆哮,葉刃,欺詐,3,4,3,50000,3554488
74.5,609,水晶燈火靈,幽靈,火,-,-,暗影,-,-,-,-,-,2495,194.4,137.1,120,28,燒盡,暗影球,蓄能焰襲,3,3,5,75000,3198985
74.5,127,凱羅斯,蟲,,-,-,-,-,-,-,-,-,2500,180.7,144.9,132,32.5,連斬,近身戰,十字剪,12,10,5,75000,3456032
74.4,348,太古盔甲,岩石,蟲,-,-,暗影,-,-,-,-,-,2499,172.3,142.1,148,34,連斬,岩石爆擊,水流裂破,10,12,3,50000,3622735
74.4,342,鐵螯龍蝦,水,惡,-,-,-,-,-,-,-,-,2497,185.9,128,141,45,攀瀑,暗襲要害,蟹鉗錘,4,5,3,50000,3354969
74.4,18,大比鳥,一般,飛行,-,-,-,Mega,-,-,-,-,2499,189.7,125.6,138,25,起風*,勇鳥猛攻,空氣利刃*,4,3,1,10000,3287172
74.4,497,君主蛇,草,,-,-,暗影,-,-,-,-,-,2500,144.9,182.4,163,48.5,藤鞭,瘋狂植物*,青草攪拌器,6,5,3,10000,4307907
74.4,275,狡猾天狗,草,惡,-,-,暗影,-,-,-,-,-,2497,175,112.2,181,47,大聲咆哮,葉刃,欺詐,3,4,3,50000,3554488
74.4,642,雷電雲,電,飛行,-,靈獸,-,-,-,-,-,-,2497,201,115.6,133,25,伏特替換,鳴雷風暴*,真氣彈,3,5,20,100000,3089807
74.4,49,摩魯蛾,蟲,毒,-,-,暗影,-,-,-,-,-,2354,163,132.8,157,50,精神波,銀色旋風,劇毒牙,12,10,3,50000,3398030
74.3,430,烏鴉頭頭,惡,飛行,-,-,-,-,-,-,-,-,2500,192.4,91.1,185,38,啄,勇鳥猛攻,惡之波動,7,7,3,50000,3243803
74.3,146,火焰鳥,火,飛行,-,-,-,-,-,-,-,-,2498,177,136.1,146,27,翅膀攻擊,飛翔,熱風,6,6,20,100000,3515992
74.3,123,飛天螳螂,蟲,飛行,-,-,-,-,-,-,-,-,2498,172.9,143.3,145,38,連斬,暗襲要害,十字剪,9,10,5,75000,3593674
74.3,465,巨蔓藤,草,,-,-,暗影,-,-,-,-,-,2498,155.7,146.1,176,31,藤鞭,岩崩,強力鞭打,6,7,3,50000,4002227
74.2,244,炎帝,火,,-,-,-,-,-,-,-,-,2500,165.7,125.8,180,26.5,火焰旋渦,蓄能焰襲,熱沙大地,5,5,20,100000,3754219
74.2,611,斧牙龍,龍,,-,-,-,-,-,-,-,-,2496,189.1,116,150,50,龍尾,水流尾,暗襲要害,3,3,5,75000,3288680
74.2,254,蜥蜴王,草,龍,-,-,-,Mega,-,-,-,-,2496,205.5,125.9,117,22,連斬,葉刃,龍爪,9,13,3,10000,3028245
74.1,282,沙奈朵,超能力,妖精,-,-,-,-,-,-,-,-,2498,175.6,151.6,133,29.5,念力,三旋擊,暗影球,4,4,5,75000,3541430
73.9,348,太古盔甲,岩石,蟲,-,-,-,-,-,-,-,-,2499,172.3,142.1,148,34,連斬,岩石爆擊,水流裂破,10,12,3,50000,3622735
73.9,384,烈空坐,龍,飛行,-,-,-,Mega,-,-,-,-,2495,203.6,118.6,126,16,龍尾,畫龍點睛*,逆鱗,4,5,20,100000,3043036
73.8,87,白海獅,水,冰,-,-,暗影,-,-,-,-,-,2245,129.4,161.3,186,50,冰礫*,水流噴射*,直衝鑽,4,4,3,50000,3883324
73.8,479,洛托姆,電,飛行,-,-,-,-,旋轉,-,-,-,2495,166.5,187.3,120,42,驚嚇,十萬伏特,奇異之風,6,5,5,75000,3740814
73.8,199,呆呆王,水,超能力,-,-,暗影,-,-,-,-,-,2498,146.6,156.2,186,43,念力,衝浪*,暴風雪,4,6,3,50000,4258939
73.7,676,多麗米亞,一般,,-,-,-,-,-,-,-,-,2387,150.4,152.9,164,50,突襲,衝浪,打草結,7,8,5,75000,3772567
73.7,479,洛托姆,電,水,-,-,-,-,清洗,-,-,-,2495,166.5,187.3,120,42,電擊,十萬伏特,水炮,7,9,5,75000,3740814
73.6,681,堅盾劍怪,鋼,幽靈,-,-,-,-,盾牌,-,-,-,1746,94.1,241.2,142,50,精神利刃,暗影球,加農光炮,9,11,5,75000,3222976
73.6,142,化石翼龍,岩石,飛行,-,-,-,Mega,-,-,-,-,2498,186.1,140.4,128,22,龍息,岩崩,大地之力,12,13,5,75000,3343102
73.6,797,鐵火輝夜,鋼,飛行,-,-,-,-,-,-,-,-,2500,154.4,155.9,168,30,空氣斬,泰山壓頂,重踏,4,5,20,100000,4042383
73.5,555,達摩狒狒,火,,-,-,-,-,普通,-,-,-,2498,193.7,93.6,177,29.5,燒盡,岩崩,過熱,3,3,3,50000,3209516
73.5,250,鳳王,火,飛行,-,-,暗影,-,-,-,-,-,2491,161.2,163.8,145,23.5,燒盡,勇鳥猛攻,神聖之火*,3,4,20,100000,3830681
73.5,553,流氓鱷,地面,惡,-,-,-,-,-,-,-,-,2497,171.2,125.9,169,30,擲泥,咬碎,流沙地獄,5,4,5,75000,3641641
73.4,626,爆炸頭水牛,一般,,-,-,-,-,-,-,-,-,2500,153.3,150.2,177,36.5,泥巴射擊,踩踏,超級角擊,5,7,3,50000,4075470
73.4,344,念力土偶,地面,超能力,-,-,暗影,-,-,-,-,-,2229,130.2,205,142,50,擲泥,岩石封鎖,冰凍光束,5,6,3,50000,3792090
73.3,870,列陣兵,格鬥,,-,-,-,-,-,-,-,-,2495,165,154.2,148,49.5,雙倍奉還,蠻力,超級角擊,7,10,5,75000,3765567
73.3,383,固拉多,火,地面,-,-,-,原始,-,-,-,-,2494,188.8,143.1,122,15.5,泥巴射擊,火焰拳*,斷崖之劍*,5,7,20,100000,3295336
73.2,719,蒂安希,岩石,妖精,-,-,-,-,-,-,-,-,2497,154.6,228.5,114,35,落石,岩崩,月亮之力,9,12,20,100000,4026566
73.1,305,可多拉,鋼,岩石,-,-,-,-,-,-,-,-,2324,145.4,179,142,50,金屬音,岩石封鎖,岩崩,7,6,1,10000,3694731
73,91,刺甲貝,水,冰,-,-,-,-,-,-,-,-,2498,153.3,217.6,122,42.5,冰礫,冰凍之風,水炮,5,8,3,50000,4069878
73,295,爆音怪,一般,,-,-,-,-,-,-,-,-,2497,157.2,124.2,203,46.5,驚嚇,咬碎,魅惑之聲,5,5,1,10000,3963683
73,576,哥德小姐,超能力,,-,-,暗影,-,-,-,-,-,2499,149.5,180.2,155,48,念力,岩崩,預知未來,4,5,3,50000,4173823
73,612,雙斧戰龍,龍,,-,-,-,-,-,-,-,-,2495,194.3,124.8,132,25.5,龍尾,龍爪,暗襲要害,5,3,5,75000,3200424
73,470,葉伊布,草,,-,-,-,-,-,-,-,-,2495,164.4,174,132,32,電光一閃,葉刃,珍藏*,5,7,5,75000,3776436
73,40,胖可丁,一般,妖精,-,-,-,-,-,-,-,-,2178,143.7,88.2,260,50,撒嬌,魅惑之聲,冰凍之風,6,6,1,10000,3296306
72.9,646,酋雷姆,龍,冰,-,-,-,-,闇黑,-,-,-,2500,188.2,115.6,152,19.5,龍尾,交錯閃電,冰凍伏特<sup>†</sup>,4,5,20,100000,3306963
72.8,555,達摩狒狒,火,,-,-,暗影,-,普通,-,-,-,2498,193.7,93.6,177,29.5,燒盡,岩崩,過熱,3,3,3,50000,3209516
72.8,42,大嘴蝠,毒,飛行,-,-,暗影,-,-,-,-,-,2234,147.9,138.6,164,50,翅膀攻擊,空氣利刃,暗影球,5,7,1,10000,3362863
72.8,715,音波龍,飛行,龍,-,-,暗影,-,-,-,-,-,2500,161.8,145.6,164,36.5,起風,熱風,暴風,4,5,5,75000,3862261
72.8,227,盔甲鳥,鋼,飛行,-,-,暗影,-,-,-,-,-,2383,137,202.5,149,50,空氣斬,勇鳥猛攻,神鳥猛擊,7,6,5,75000,4132945
72.7,210,布魯皇,妖精,,-,-,-,-,-,-,-,-,2497,173.4,116.4,178,42.5,撒嬌,近身戰,咬碎,6,6,3,50000,3593029
72.7,853,八爪武師,格鬥,,-,-,-,-,-,-,-,-,2497,167.1,138.9,160,39,攀瀑,蠻力,冰凍拳,4,4,3,50000,3713731
72.7,479,洛托姆,電,火,-,-,-,-,加熱,-,-,-,2495,166.5,187.3,120,42,電擊,過熱,十萬伏特,7,7,5,75000,3740814
72.7,539,打擊鬼,格鬥,,-,-,暗影,-,-,-,-,-,2499,181.2,127.7,149,35.5,踢倒,泰山壓頂,劈瓦,5,5,5,75000,3446595
72.6,794,爆肌蚊,蟲,格鬥,-,-,-,-,-,-,-,-,2499,165,144.4,158,26.5,雙倍奉還,蠻力,猛撲,7,8,20,100000,3765881
72.6,631,熔蟻獸,火,,-,-,-,-,-,-,-,-,2496,172.2,119.2,176,47.5,火焰旋渦,雷電拳,噴射火焰,4,6,3,50000,3612379
72.6,634,雙首暴龍,惡,龍,-,-,-,-,-,-,-,-,2079,146.2,126,160,50,龍息,泰山壓頂,惡之波動,9,13,5,75000,2948691
72.5,702,咚咚鼠,電,妖精,-,-,-,-,-,-,-,-,2081,150.4,125.2,152,50,電擊,放電,拋物面充電,5,6,3,50000,2862540
72.5,42,大嘴蝠,毒,飛行,-,-,-,-,-,-,-,-,2234,147.9,138.6,164,50,翅膀攻擊,空氣利刃,暗影球,5,7,1,10000,3362863
72.4,65,胡地,超能力,,-,-,暗影,-,-,-,-,-,2500,201.9,131,117,30,精神利刃,火焰拳,暗影球,5,6,3,50000,3094668
72.4,106,飛腿郎,格鬥,,-,-,暗影,-,-,-,-,-,2497,182.5,156.1,120,42,二連踢,近身戰,火焰踢,4,4,5,75000,3417089
72.3,646,酋雷姆,龍,冰,-,-,-,-,焰白,-,-,-,2500,188.2,115.6,152,19.5,龍息,交錯火焰,極寒冷焰<sup>†</sup>,12,15,20,100000,3306963
72.3,26,雷丘,電,,-,-,-,-,-,-,-,-,2497,225.1,110.6,111,24,伏特替換,瘋狂伏特,雷電拳,3,3,1,10000,2763771
72.2,430,烏鴉頭頭,惡,飛行,-,-,暗影,-,-,-,-,-,2500,192.4,91.1,185,38,啄,勇鳥猛攻,惡之波動,7,7,3,50000,3243803
72.1,45,霸王花,草,毒,-,-,-,-,-,-,-,-,2497,165.7,145.7,156,42,溶解液,污泥炸彈,月亮之力,7,8,3,50000,3764194
72,196,太陽伊布,超能力,,-,-,-,-,-,-,-,-,2499,191.1,135.5,126,28.5,念力,精神之牙,暗影球*,3,4,5,75000,3263202
72,295,爆音怪,一般,,-,-,暗影,-,-,-,-,-,2497,157.2,124.2,203,46.5,驚嚇,咬碎,魅惑之聲,5,5,1,10000,3963683
72,428,長耳兔,一般,格鬥,-,-,-,Mega,-,-,-,-,2496,189.1,151.4,115,24.5,二連踢,三旋擊,暗影球,4,5,3,50000,3292990
71.9,354,詛咒娃娃,幽靈,,-,-,-,-,-,-,-,-,2494,188.5,118.1,148,49.5,暗影爪,暗影球,魔法閃耀,7,7,3,50000,3295702
71.9,169,叉字蝠,毒,飛行,-,-,-,-,-,-,-,-,2497,157,150.6,168,40.5,空氣斬,劇毒牙,暗影球,5,6,1,10000,3972461
71.9,428,長耳兔,一般,,-,-,-,-,-,-,-,-,2328,143.7,175.6,149,50,二連踢,雷電拳,暗影球,4,5,3,50000,3760083
71.9,405,倫琴貓,電,,-,-,-,-,-,-,-,-,2497,177.6,128.7,153,33.5,大聲咆哮,瘋狂伏特,精神之牙*,4,3,5,75000,3498460
71.9,508,長毛狗,一般,,-,-,-,-,-,-,-,-,2500,160.7,149.3,162,35,潑沙,瘋狂伏特,咬碎,12,12,1,10000,3885672
71.8,107,快拳郎,格鬥,,-,-,-,-,-,-,-,-,2497,169.5,173.6,125,46.5,雙倍奉還,冰凍拳,雷電拳,7,7,5,75000,3678343
71.8,107,快拳郎,格鬥,,-,-,暗影,-,-,-,-,-,2497,169.5,173.6,125,46.5,雙倍奉還,冰凍拳,雷電拳,7,7,5,75000,3678343
71.8,844,沙螺蟒,地面,,-,-,-,-,-,-,-,-,2498,158.1,170.4,146,36,擲泥,大地之力,重踏,5,5,3,50000,3931999
71.6,604,麻麻鰻魚王,電,,-,-,-,-,-,-,-,-,2499,172.1,130.1,162,38,伏特替換*,龍爪,十萬伏特,4,4,1,10000,3627636
71.6,106,飛腿郎,格鬥,,-,-,-,-,-,-,-,-,2497,182.5,156.1,120,42,二連踢,近身戰,火焰踢,4,4,5,75000,3417089
71.6,855,怖思壺,幽靈,,-,-,-,-,-,-,-,-,2500,185.1,149.3,122,30,禍不單行,暗影球,惡之波動,4,4,3,50000,3371139
71.5,169,叉字蝠,毒,飛行,-,-,暗影,-,-,-,-,-,2497,157,150.6,168,40.5,空氣斬,劇毒牙,暗影球,5,6,1,10000,3972461
71.5,678,超能妙喵,超能力,,-,-,-,-,-,雌,-,-,2401,152.1,152.9,163,50,念力,暗影球,能量球,4,4,3,50000,3791459
71.5,539,打擊鬼,格鬥,,-,-,-,-,-,-,-,-,2499,181.2,127.7,149,35.5,踢倒,泰山壓頂,劈瓦,5,5,5,75000,3446595
71.5,931,怒鸚哥,一般,飛行,-,-,-,-,-,-,-,-,2231,168.1,100.8,174,50,啄,勇鳥猛攻,飛翔,7,6,3,75000,2948691
71.4,282,沙奈朵,超能力,妖精,-,-,暗影,-,-,-,-,-,2498,175.6,151.6,133,29.5,念力,三旋擊,暗影球,4,4,5,75000,3541430
71.4,139,多刺菊石獸,岩石,水,-,-,暗影,-,-,-,-,-,2497,161.9,165.8,143,36,泥巴射擊,岩崩*,岩石爆擊,5,5,5,75000,3838068
71.3,392,烈焰猴,火,格鬥,-,-,-,-,-,-,-,-,2496,176.8,129.3,154,38,火焰旋渦,近身戰,爆炸烈焰*,5,5,3,10000,3520907
71,359,阿勃梭魯,惡,,-,-,-,-,-,-,-,-,2497,200.7,108.4,142,42.5,精神利刃,狂舞揮打*,超級角擊,4,7,5,75000,3088738
70.9,105,嘎啦嘎啦,地面,,-,-,暗影,-,-,-,-,-,2075,133.6,168.9,142,50,擲泥,骨棒,岩崩,4,5,3,50000,3204426
70.9,481,艾姆利多,超能力,,-,-,-,-,-,-,-,-,2500,160.2,163.2,149,30,念力,高速星星,預知未來,3,5,20,100000,3895842
70.8,565,肋骨海龜,水,岩石,-,-,暗影,-,-,-,-,-,2498,155.4,168.1,153,40.5,落石,泰山壓頂,原始之力,7,9,5,75000,3995903
70.8,697,怪顎龍,岩石,龍,-,-,暗影,-,-,-,-,-,2499,167.6,148.7,149,29.5,龍尾,流星光束,岩石封鎖,5,5,5,75000,3714646
70.6,65,胡地,超能力,,-,-,-,-,-,-,-,-,2500,201.9,131,117,30,精神利刃,火焰拳,暗影球,5,6,3,50000,3094668
70.6,15,大針蜂,蟲,毒,-,-,-,Mega,-,-,-,-,2498,213.1,113.1,121,27,毒針,直衝鑽*,十字剪,5,5,1,10000,2917495
70.6,305,可多拉,鋼,岩石,-,-,暗影,-,-,-,-,-,2324,145.4,179,142,50,金屬音,岩石封鎖,岩崩,7,6,1,10000,3694731
70.5,625,劈斬司令,惡,鋼,-,-,-,-,-,-,-,-,2497,179,144.9,134,34.5,大聲咆哮,惡之波動,鐵頭,4,4,5,75000,3476247
70.5,242,幸福蛋,一般,,-,-,-,-,-,-,-,-,2498,104.4,144.4,397,39,意念頭錘,瘋狂伏特*,魔法閃耀,8,10,5,75000,5981326
70.4,479,洛托姆,電,草,-,-,-,-,切割,-,-,-,2495,166.5,187.3,120,42,電擊,十萬伏特,飛葉風暴,7,7,5,75000,3740814
70.3,105,嘎啦嘎啦,火,幽靈,阿羅拉,-,-,-,-,-,-,-,2075,133.6,168.9,142,50,禍不單行,骨棒,火焰輪,3,4,3,50000,3204426
70.2,565,肋骨海龜,水,岩石,-,-,-,-,-,-,-,-,2498,155.4,168.1,153,40.5,落石,泰山壓頂,原始之力,7,9,5,75000,3995903
70.2,887,多龍巴魯托,龍,幽靈,-,-,-,-,-,-,-,-,2498,183.9,126,146,26,龍尾,暗影球,逆鱗,5,5,5,75000,3383708
70.2,383,固拉多,地面,,-,-,-,-,-,-,-,-,2494,173.6,150.2,137,22.5,泥巴射擊,斷崖之劍*,火焰拳*,7,5,20,100000,3572048
70.1,262,大狼犬,惡,,-,-,暗影,-,-,-,-,-,2177,156.3,123.5,157,50,突襲,咬碎,劇毒牙,7,6,1,10000,3031089
70.1,319,巨牙鯊,水,惡,-,-,暗影,-,-,-,-,-,2466,216.8,82.3,157,50,攀瀑,咬碎,劇毒牙,5,4,3,50000,2802942
70,224,章魚桶,水,,-,-,-,-,-,-,-,-,2500,173.5,129.5,160,48,鎖定,水之波動,極光束,10,12,1,10000,3596341
70,718,基格爾德,龍,地面,-,-,-,-,10%,-,-,-,2491,177.4,155.2,127,47,龍尾,咬碎,地震,4,6,20,100000,3496421
69.9,695,光電傘蜥,電,一般,-,-,-,-,-,-,-,-,2498,177.6,144.3,137,40.5,伏特替換,廣域破壞,拋物面充電,4,4,3,50000,3510521
69.9,262,大狼犬,惡,,-,-,-,-,-,-,-,-,2177,156.3,123.5,157,50,突襲,咬碎,劇毒牙,7,6,1,10000,3031089
69.8,382,蓋歐卡,水,,-,-,暗影,-,-,-,-,-,2481,174.2,147.2,137,22,攀瀑,雪崩,衝浪,5,5,20,100000,3513730
69.8,105,嘎啦嘎啦,火,幽靈,阿羅拉,-,暗影,-,-,-,-,-,2075,133.6,168.9,142,50,禍不單行,火焰輪,骨棒,4,3,3,50000,3204426
69.7,105,嘎啦嘎啦,地面,,-,-,-,-,-,-,-,-,2075,133.6,168.9,142,50,擲泥,骨棒,岩崩,4,5,3,50000,3204426
69.7,319,巨牙鯊,水,惡,-,-,-,Mega,-,-,-,-,2500,207.1,110.3,132,28,攀瀑,咬碎,劇毒牙,5,4,3,50000,3014829
69.7,893,薩戮德,惡,草,-,-,-,-,-,-,-,-,2491,163.8,147,157,23.5,藤鞭,能量球,惡之波動,6,7,20,100000,3781239
69.6,864,魔靈珊瑚,幽靈,,-,-,-,-,-,-,-,-,2495,188,144.1,122,30,驚嚇,黑夜魔影,力量寶石,5,5,3,50000,3306932
69.6,139,多刺菊石獸,岩石,水,-,-,-,-,-,-,-,-,2497,161.9,165.8,143,36,泥巴射擊,岩崩*,岩石爆擊,5,5,5,75000,3838068
69.5,136,火伊布,火,,-,-,-,-,-,-,-,-,2497,183.7,141.9,130,30,火花,蠻力*,熱風*,5,5,5,75000,3389104
69.5,966,普隆隆姆,鋼,毒,-,-,-,-,-,-,-,-,2500,174,135.4,152,32,金屬音,垃圾射擊,陀螺球,10,7,3,50000,3581219
69.5,763,甜冷美后,草,,-,-,-,-,-,-,-,-,2497,168.1,156.2,141,32,魔法葉,三旋擊,飛膝踢*,5,6,3,10000,3702089
69.4,91,刺甲貝,水,冰,-,-,暗影,-,-,-,-,-,2498,153.3,217.6,122,42.5,冰礫,冰凍之風,水炮,5,8,3,50000,4069878
69.4,310,雷電獸,電,,-,-,-,-,-,-,-,-,2500,187,116.5,153,46,大聲咆哮,瘋狂伏特,精神之牙,4,3,3,50000,3333190
69.3,647,凱路迪歐,水,格鬥,-,-,-,-,平常,-,-,-,2482,177.4,134.8,145,24,毒擊,水炮,聖劍,11,5,20,100000,3466877
69.2,103,椰蛋樹,草,龍,阿羅拉,-,-,-,-,-,-,-,2499,173.4,122.9,169,30,龍尾,種子炸彈,流星群*,4,6,3,50000,3602554
69.2,375,金屬怪,鋼,超能力,-,-,暗影,-,-,-,-,-,1946,128.6,160.5,142,50,連斬,精神衝擊,陀螺球,10,13,5,75000,2930096
69.1,286,斗笠菇,草,格鬥,-,-,-,-,-,-,-,-,2499,193.6,124.1,134,40,發勁,爆裂拳,打草結*,5,5,3,50000,3219249
69.1,756,燈罩夜菇,草,妖精,-,-,-,-,-,-,-,-,2104,142,153.8,142,50,驚嚇,月亮之力,種子炸彈,6,4,3,50000,3100951
69,752,滴蛛霸,水,蟲,-,-,-,-,-,-,-,-,2065,118.5,196.6,154,50,蟲咬,水之波動,蟲鳴,17,20,3,50000,3587769
69,383,固拉多,地面,,-,-,暗影,-,-,-,-,-,2481,174.2,147.2,137,22,泥巴射擊,斷崖之劍*,火焰拳*,7,5,20,100000,3513730
69,367,獵斑魚,水,,-,-,-,-,-,-,-,-,2497,172.3,159.1,132,46,水槍,水流尾,咬碎,12,15,3,50000,3618598
69,99,巨鉗蟹,水,,-,-,暗影,-,-,-,-,-,2498,185.8,149.3,121,35,泥巴射擊*,蟹鉗錘,夾住,6,5,3,50000,3356170
69,127,凱羅斯,蟲,飛行,-,-,-,Mega,-,-,-,-,2499,193.6,152.9,109,22,連斬,近身戰,十字剪,12,10,5,75000,3226339
69,476,大朝北鼻,岩石,鋼,-,-,-,-,-,-,-,-,2351,126,243.7,142,50,電光,岩崩,電磁炮,7,12,3,50000,4361605
69,461,瑪狃拉,惡,冰,-,-,-,-,-,-,-,-,2500,183,136.3,137,31.5,大聲咆哮,雪崩,欺詐,4,4,3,50000,3416806
68.9,210,布魯皇,妖精,,-,-,暗影,-,-,-,-,-,2497,173.4,116.4,178,42.5,撒嬌,近身戰,咬碎,6,6,3,50000,3593029
68.9,233,多邊獸Ⅱ,一般,,-,-,-,-,-,-,-,-,2497,157.3,151.9,165,38,鎖定,三重攻擊,報恩<sup>†</sup>,10,14,3,50000,3943391
68.9,215,狃拉,格鬥,毒,洗翠,-,暗影,-,-,-,-,-,2319,171.4,135.3,135,50,毒擊,近身戰,十字剪,7,6,3,50000,3130823
68.9,128,肯泰羅,一般,,-,-,-,-,-,-,-,-,2494,160.1,156.2,155,40.5,撞擊,起草,角撞,15,12,3,50000,3876867
68.7,244,炎帝,火,,-,-,暗影,-,-,-,-,-,2498,168.2,122.6,179,26,火焰旋渦,熱沙大地,蓄能焰襲,5,5,20,100000,3692556
68.7,375,金屬怪,鋼,超能力,-,-,-,-,-,-,-,-,1946,128.6,160.5,142,50,連斬,精神衝擊,陀螺球,10,13,5,75000,2930096
68.7,741,花舞鳥,電,飛行,-,-,-,-,啪滋啪滋,-,-,-,2496,171.7,132,160,47,空氣斬,空氣利刃,暴風,4,7,3,75000,3626828
68.6,476,大朝北鼻,岩石,鋼,-,-,暗影,-,-,-,-,-,2351,126,243.7,142,50,電光,岩崩,電磁炮,7,12,3,50000,4361605
68.6,215,狃拉,格鬥,毒,洗翠,-,-,-,-,-,-,-,2319,171.4,135.3,135,50,毒擊,近身戰,十字剪,7,6,3,50000,3130823
68.6,185,樹才怪,岩石,,-,-,-,-,-,-,-,-,2428,152.9,160.5,157,50,雙倍奉還,流星光束,岩石封鎖,10,9,5,75000,3853658
68.5,479,洛托姆,電,冰,-,-,-,-,-,-,-,結冰,2495,166.5,187.3,120,42,電擊,十萬伏特,暴風雪,7,9,5,75000,3740814
68.5,357,熱帶龍,草,飛行,-,-,-,-,-,-,-,-,2194,126.9,149.6,199,50,空氣斬,葉刃,狂舞揮打,4,4,5,75000,3776755
68.5,45,霸王花,草,毒,-,-,暗影,-,-,-,-,-,2497,165.7,145.7,156,42,溶解液,污泥炸彈,月亮之力,7,8,3,50000,3764194
68.4,354,詛咒娃娃,幽靈,,-,-,暗影,-,-,-,-,-,2500,191.2,116.7,146,47.5,暗影爪,暗影球,魔法閃耀,7,7,3,50000,3258658
68.3,103,椰蛋樹,草,超能力,-,-,暗影,-,-,-,-,-,2500,174.9,120.5,169,30.5,念力,種子炸彈,精神強念,3,4,3,50000,3561034
68.3,405,倫琴貓,電,,-,-,暗影,-,-,-,-,-,2497,177.6,128.7,153,33.5,大聲咆哮,瘋狂伏特,精神之牙*,4,3,5,75000,3498460
68.1,800,奈克洛茲瑪,超能力,鋼,-,-,-,-,黃昏之鬃,-,-,-,2500,178.1,148.9,132,22.5,暗影爪,惡之波動,流星閃衝,7,9,20,100000,3499821
68.1,571,索羅亞克,惡,,-,-,-,-,-,-,-,-,2497,202.6,113.3,134,41.5,暗影爪,欺詐,黑夜魔影,5,6,5,75000,3076233
68,103,椰蛋樹,草,超能力,-,-,-,-,-,-,-,-,2500,174.9,120.5,169,30.5,念力,種子炸彈,精神強念,3,4,3,50000,3561034
68,678,超能妙喵,超能力,,-,-,-,-,-,雄,-,-,2401,152.1,152.9,163,50,念力,能量球,十萬伏特,4,4,3,50000,3791459
68,756,燈罩夜菇,草,妖精,-,-,暗影,-,-,-,-,-,2104,142,153.8,142,50,驚嚇,月亮之力,種子炸彈,6,4,3,50000,3100951
67.9,793,虛吾伊德,岩石,毒,-,-,-,-,-,-,-,-,2497,163.4,144.1,162,23,毒擊,力量寶石,污泥炸彈,8,8,20,100000,3814902
67.9,901,月月熊,地面,一般,-,-,-,-,-,-,-,-,2498,161.6,125,191,24,撞擊,高速星星,十萬馬力*,12,20,3,50000,3859202
67.9,461,瑪狃拉,惡,冰,-,-,暗影,-,-,-,-,-,2500,183,136.3,137,31.5,大聲咆哮,雪崩,欺詐,4,4,3,50000,3416806
67.9,889,藏瑪然特,格鬥,,-,-,-,-,百戰勇者,-,-,-,2491,169.5,161,134,24,電光一閃,近身戰,咬碎,6,6,20,100000,3656567
67.8,628,勇士雄鷹,一般,飛行,-,-,-,-,-,-,-,-,2500,172.7,120.4,174,29.5,空氣斬,飛翔,近身戰,5,5,5,75000,3619092
67.7,103,椰蛋樹,草,龍,阿羅拉,-,暗影,-,-,-,-,-,2499,173.4,122.9,169,30,龍尾,種子炸彈,流星群*,4,6,3,50000,3602554
67.7,336,飯匙蛇,毒,,-,-,-,-,-,-,-,-,2380,177.3,111.8,161,50,毒擊,緊束,咬碎,7,7,3,50000,3190279
67.6,115,袋獸,一般,,-,-,-,-,-,-,-,-,2498,148.1,144.1,197,42,踢倒,增強拳,逆鱗,5,8,3,50000,4201613
67.6,115,袋獸,一般,,-,-,-,Mega,-,-,-,-,2498,163.6,146.6,159,24,踢倒,踩踏*,咬碎,5,6,3,50000,3813459
67.6,319,巨牙鯊,水,惡,-,-,-,-,-,-,-,-,2466,216.8,82.3,157,50,攀瀑,咬碎,劇毒牙,5,4,3,50000,2802942
67.5,745,鬃岩狼人,岩石,,-,-,-,-,白晝,-,-,-,2500,184.4,120.8,152,39,突襲,直衝鑽,尖石攻擊,6,8,5,50000,3386645
67.5,805,壘磊石,岩石,鋼,-,-,-,-,-,-,-,-,2500,154.1,219.1,120,28,落石,尖石攻擊,重踏,11,9,20,100000,4052248
67.5,584,雙倍多多冰,冰,,-,-,-,-,-,-,-,-,2496,169.7,152.1,142,35.5,驚嚇,雪崩*,加農光炮,5,7,3,50000,3666347
67.3,207,天蠍,地面,飛行,-,-,暗影,-,-,-,-,-,2099,132.8,167.2,149,50,翅膀攻擊,暗襲要害,燕返,5,6,5,75000,3307998
67.3,392,烈焰猴,火,格鬥,-,-,暗影,-,-,-,-,-,2496,176.8,129.3,154,38,火焰旋渦,近身戰,爆炸烈焰*,5,5,3,10000,3520907
67.1,743,蝶結萌虻,蟲,妖精,-,-,-,-,-,-,-,-,2488,179,135.3,142,50,妖精之風,魔法閃耀,蟲鳴,7,7,1,10000,3438449
67.1,796,電束木,電,,-,-,-,-,-,-,-,-,2497,214,101.2,134,23,電擊,放電,強力鞭打,5,6,20,100000,2902378
67,124,迷唇姐,冰,超能力,-,-,-,-,-,-,-,-,2499,181.7,132.8,142,42,念力,雪崩,精神衝擊,4,3,5,75000,3427109
67,479,洛托姆,電,幽靈,-,-,-,-,一般,-,-,-,2296,168.1,146.2,127,50,驚嚇,十萬伏特,奇異之風,6,5,5,75000,3120698
67,514,爆香猿,火,,-,-,-,-,-,-,-,-,2497,175.9,124,162,49.5,火焰旋渦,咬碎,噴射火焰,5,6,3,50000,3534115
66.9,176,波克基古,妖精,飛行,-,-,-,-,-,-,-,-,1931,129.4,164.7,135,50,妖精之風,精神衝擊,熱風,5,5,3,50000,2877261
66.7,65,胡地,超能力,,-,-,-,Mega,-,-,-,-,2498,222.2,131.4,96,20,精神利刃,暗影球,火焰拳,6,5,3,50000,2803931
66.7,382,蓋歐卡,水,,-,-,-,原始,-,-,-,-,2494,188.8,143.1,122,15.5,攀瀑,雪崩,衝浪,5,5,20,100000,3295336
66.7,901,月月熊,地面,一般,-,-,暗影,-,-,-,-,-,2498,161.6,125,191,24,撞擊,高速星星,冰凍拳,12,14,3,50000,3859202
66.6,930,奧利瓦,草,一般,-,-,-,-,-,-,-,-,2499,166.5,150.1,150,32.5,魔法葉,大地之力,起草,5,5,3,50000,3749548
66.6,189,毽子棉,草,飛行,-,-,暗影,-,-,-,-,-,1850,111.8,166.4,164,50,妖精之風,雜技*,能量球,7,5,3,50000,3049506
66.6,457,霓虹魚,水,,-,-,-,-,-,-,-,-,2050,131.9,155.5,155,50,起風,水流尾,銀色旋風,3,4,3,50000,3178863
66.5,600,齒輪組,鋼,,-,-,-,-,-,-,-,-,2088,138.6,158.8,142,50,金屬音,夾住,十萬伏特,5,7,5,75000,3126820
66.4,870,列陣兵,格鬥,,-,-,-,Mega,-,-,-,-,2500,181,162.3,117,25,雙倍奉還,蠻力,超級角擊,7,10,5,75000,3437388
66.4,207,天蠍,地面,飛行,-,-,-,-,-,-,-,-,2099,132.8,167.2,149,50,翅膀攻擊,暗襲要害,燕返,5,6,5,75000,3307998
66.3,288,過動猿,一般,,-,-,-,-,-,-,-,-,2225,146.2,134.4,172,50,雙倍奉還,泰山壓頂,岩崩,6,8,5,75000,3381166
66.2,99,巨鉗蟹,水,,-,-,-,-,-,-,-,-,2498,185.8,149.3,121,35,泥巴射擊*,蟹鉗錘,夾住,6,5,3,50000,3356170
66.2,866,踏冰人偶,冰,超能力,-,-,-,-,-,-,-,-,2498,165.1,147.5,155,35.5,冰礫,冰凍之風,精神強念,5,6,5,75000,3776434
66.1,518,夢夢蝕,超能力,,-,-,-,-,-,-,-,-,2498,146.2,141.5,206,38.5,充電光束,精神衝擊,魔法閃耀,4,5,3,50000,4261551
66.1,874,巨石丁,岩石,,-,-,-,-,-,-,-,-,2493,161.2,139.8,171,28.5,落石,岩崩,踩踏,9,8,5,75000,3852527
65.9,579,人造細胞卵,超能力,,-,-,-,-,-,-,-,-,2500,163.4,121.5,192,33,撒嬌*,精神衝擊,暗影球,5,7,3,50000,3811698
65.9,288,過動猿,一般,,-,-,暗影,-,-,-,-,-,2225,146.2,134.4,172,50,雙倍奉還,泰山壓頂,岩崩,6,8,5,75000,3381166
65.8,800,奈克洛茲瑪,超能力,幽靈,-,-,-,-,拂曉之翼,-,-,-,2500,178.1,148.9,132,22.5,暗影爪,惡之波動,暗影之光,7,9,20,100000,3499821
65.7,189,毽子棉,草,飛行,-,-,-,-,-,-,-,-,1850,111.8,166.4,164,50,妖精之風,能量球,雜技*,5,7,3,50000,3049506
65.7,601,齒輪怪,鋼,,-,-,-,-,-,-,-,-,2500,161.4,180.3,133,39.5,金屬音,鏡光射擊,加農光炮,5,9,5,75000,3871801
65.6,233,多邊獸Ⅱ,一般,,-,-,暗影,-,-,-,-,-,2497,157.3,151.9,165,38,鎖定,三重攻擊,電磁炮,10,16,3,50000,3943391
65.5,310,雷電獸,電,,-,-,暗影,-,-,-,-,-,2500,187,116.5,153,46,大聲咆哮,瘋狂伏特,精神之牙,4,3,3,50000,3333190
65.4,421,櫻花兒,草,,-,-,-,-,盛開,-,-,-,2315,155.5,141.2,157,50,種子機關槍,氣象球 火,日光束,3,7,1,10000,3445477
65.2,800,奈克洛茲瑪,超能力,,-,-,-,-,-,-,-,-,2497,170.3,137.6,156,25,精神利刃,惡之波動,預知未來,6,8,20,100000,3655940
65.1,424,雙尾怪手,一般,,-,-,暗影,-,-,-,-,-,2498,172.5,130.4,160,47,驚嚇,燕返,下盤踢,5,4,3,50000,3598711
65.1,549,裙兒小姐,草,格鬥,洗翠,-,-,-,-,-,-,-,2499,172.1,139.8,151,43.5,種子機關槍,快手還擊,落英繽紛,4,5,1,10000,3630902
65.1,925,一家鼠,一般,,-,-,-,-,-,-,-,-,2244,146.2,144.5,163,50,泥巴射擊,高速星星,咬碎,4,5,1,10000,3444562
64.9,910,炙燙鱷,火,,-,-,-,-,-,-,-,-,2189,148.7,125.2,173,50,燒盡,魅惑之聲,咬碎,3,3,3,10000,3221621
64.9,745,鬃岩狼人,岩石,,-,-,-,-,黑夜,-,-,-,2499,172.5,127.9,164,36.5,雙倍奉還,精神之牙,咬碎,6,8,5,50000,3618401
64.8,764,花療環環,妖精,,-,-,-,-,-,-,-,-,2392,151.3,193.3,129,50,藤鞭,打草結,吸取之吻,7,7,3,50000,3771020
64.8,723,投羽梟,草,飛行,-,-,-,-,-,-,-,-,1950,131.9,129.4,168,50,啄,勇鳥猛攻,能量球,7,6,3,10000,2868127
64.7,444,尖牙陸鯊,龍,地面,-,-,暗影,-,-,-,-,-,2119,157.1,117.6,154,50,泥巴射擊,龍捲風,挖洞,5,6,5,75000,2846814
64.7,876,愛管侍,超能力,一般,-,-,-,-,-,雌,-,-,2500,156.9,163.6,155,48,神通力,能量球,精神強念,5,6,3,50000,3978595
64.7,364,海魔獅,冰,水,-,-,暗影,-,-,-,-,-,1938,127.7,123.5,186,50,細雪,衝浪,泰山壓頂,6,5,3,50000,2934557
64.5,229,黑魯加,惡,火,-,-,暗影,-,-,-,-,-,2495,179.5,125.2,154,39.5,大聲咆哮,欺詐,噴射火焰,4,5,3,50000,3461981
64.4,310,雷電獸,電,,-,-,-,Mega,-,-,-,-,2500,195.6,130.2,125,25.5,大聲咆哮,瘋狂伏特,精神之牙,4,3,3,50000,3183719
64.4,499,炒炒豬,火,格鬥,-,-,-,-,-,-,-,-,2175,158,101.7,186,50,火花,岩石封鎖,蓄能焰襲,6,6,3,10000,2987617
64.4,812,轟擂金剛猩,草,,-,-,-,-,-,-,-,-,2492,170.2,127.5,168,27.5,飛葉快刀,鼓擊,大地之力,9,13,3,10000,3646334
64.3,550,野蠻鱸魚,水,,-,-,-,-,-,-,-,-,2363,171.4,121,157,50,水槍,水流尾,水流噴射,12,14,1,10000,3256575
64.2,567,始祖大鳥,岩石,飛行,-,-,暗影,-,-,-,-,-,2499,207.4,105.8,137,27.5,翅膀攻擊,原始之力,咬碎,6,6,5,75000,3005098
64.2,512,花椰猿,草,,-,-,-,-,-,-,-,-,2497,175.9,124,162,49.5,藤鞭,打草結,咬碎,7,6,3,50000,3534115
64.1,888,蒼響,妖精,鋼,-,-,-,-,劍之王,-,-,-,2484,191.6,143.4,117,18,金屬爪,近身戰,巨獸斬<sup>†</sup>,7,8,20,100000,3213757
63.9,15,大針蜂,蟲,毒,-,-,暗影,-,-,-,-,-,2087,154.6,121.8,149,50,毒針,直衝鑽*,十字剪,5,5,1,10000,2806990
63.9,229,黑魯加,惡,火,-,-,-,-,-,-,-,-,2495,179.5,125.2,154,39.5,大聲咆哮,欺詐,噴射火焰,4,5,3,50000,3461981
63.8,15,大針蜂,蟲,毒,-,-,-,-,-,-,-,-,2087,154.6,121.8,149,50,毒針,直衝鑽*,十字剪,5,5,1,10000,2806990
63.8,282,沙奈朵,超能力,妖精,-,-,-,Mega,-,-,-,-,2498,198.3,145.2,109,20,念力,暗影球,三旋擊,4,4,5,75000,3138349
63.8,75,隆隆石,岩石,電,阿羅拉,-,暗影,-,-,-,-,-,2145,150.4,150.4,135,50,伏特替換,尖石攻擊,岩石爆擊,4,3,1,10000,3054278
63.7,455,尖牙籠,草,,-,-,-,-,-,-,-,-,2441,169.7,126.9,163,50,藤鞭,能量球,咬碎,6,6,5,75000,3510627
63.7,75,隆隆石,岩石,電,阿羅拉,-,-,-,-,-,-,-,2145,150.4,150.4,135,50,伏特替換,尖石攻擊,岩石爆擊,4,3,1,10000,3054278
63.6,555,達摩狒狒,冰,,伽勒爾普通,-,-,-,-,-,-,-,2498,193.7,93.6,177,29.5,冰凍牙,雪崩,蠻力,8,7,3,50000,3209516
63.3,446,小卡比獸,一般,,-,-,-,-,-,-,-,-,2139,127.7,110.9,252,50,撞擊,泰山壓頂,重踏,12,15,5,10000,3570153
63.3,579,人造細胞卵,超能力,,-,-,暗影,-,-,-,-,-,2500,163.4,121.5,192,33,撒嬌*,精神衝擊,暗影球,5,7,3,50000,3811698
63.3,114,蔓藤怪,草,,-,-,-,-,-,-,-,-,2497,164.7,153.8,149,50,藤鞭,打草結,污泥炸彈,7,7,3,50000,3773655
63.2,444,尖牙陸鯊,龍,地面,-,-,-,-,-,-,-,-,2119,157.1,117.6,154,50,泥巴射擊,龍捲風,挖洞,5,6,5,75000,2846814
63.1,606,大宇怪,超能力,,-,-,-,-,-,-,-,-,2498,174,136.1,151,37,念力,岩崩,惡之波動,4,4,3,50000,3574709
63.1,162,大尾立,一般,,-,-,-,-,-,-,-,-,1987,137,117.6,178,50,突襲,高速星星,起草,5,7,1,10000,2868167
63.1,741,花舞鳥,火,飛行,-,-,-,-,熱辣熱辣,-,-,-,2496,171.7,132,160,47,空氣斬,空氣利刃,暴風,4,7,3,75000,3626828
63,424,雙尾怪手,一般,,-,-,-,-,-,-,-,-,2498,172.5,130.4,160,47,驚嚇,燕返,報恩<sup>†</sup>,5,7,3,50000,3598711
63,748,超壞星,毒,水,-,-,-,-,-,-,-,-,1905,108.4,242,127,50,毒擊,鹽水,污泥波,8,10,3,50000,3331614
62.9,609,水晶燈火靈,幽靈,火,-,-,-,-,-,-,-,-,2495,194.4,137.1,120,28,火焰旋渦,暗影球,蓄能焰襲,5,5,5,75000,3198985
62.9,745,鬃岩狼人,岩石,,-,-,-,-,黃昏,-,-,-,2500,185.4,119.2,152,38,突襲,尖石攻擊,起草,8,7,5,50000,3358241
62.6,354,詛咒娃娃,幽靈,,-,-,-,Mega,-,-,-,-,2497,213.1,116.2,118,25,暗影爪,暗影球,魔法閃耀,7,7,3,50000,2922059
62.6,114,蔓藤怪,草,,-,-,暗影,-,-,-,-,-,2497,164.7,153.8,149,50,藤鞭,打草結,污泥炸彈,7,7,3,50000,3773655
62.3,364,海魔獅,冰,水,-,-,-,-,-,-,-,-,1938,127.7,123.5,186,50,細雪,衝浪,泰山壓頂,6,5,3,50000,2934557
62.2,469,遠古巨蜓,蟲,飛行,-,-,-,-,-,-,-,-,2500,176.3,126.4,159,32,翅膀攻擊,燕返,原始之力,6,6,3,50000,3544006
62.1,617,敏捷蟲,蟲,,-,-,-,-,-,-,-,-,2499,184.3,110.1,167,45,飛水手裡劍,能量球*,蟲鳴,4,5,3,50000,3386831
62,76,隆隆岩,岩石,地面,-,-,-,-,-,-,-,-,2499,160.6,159.1,152,32.5,擲泥,尖石攻擊,地震,6,7,1,10000,3881936
62,215,狃拉,惡,冰,-,-,暗影,-,-,-,-,-,2319,171.4,135.3,135,50,冰礫,雪崩,欺詐,5,4,3,50000,3130823
61.9,740,好勝毛蟹,格鬥,冰,-,-,-,-,-,-,-,-,2497,176.9,115.2,173,33.5,泡沫,冰凍拳,劈瓦,4,4,3,50000,3524381
61.9,47,派拉斯特,蟲,草,-,-,-,-,-,-,-,-,2102,151.3,135.3,142,50,連斬,十字剪,十字毒刃,10,9,3,50000,2905731
61.8,219,熔岩蝸牛,火,岩石,-,-,-,-,-,-,-,-,1924,129.4,173.1,127,50,燒盡,岩石封鎖,熱風,3,3,1,10000,2844857
61.8,215,狃拉,惡,冰,-,-,-,-,-,-,-,-,2319,171.4,135.3,135,50,冰礫,雪崩,欺詐,5,4,3,50000,3130823
61.7,499,炒炒豬,火,格鬥,-,-,暗影,-,-,-,-,-,2175,158,101.7,186,50,火花,岩石封鎖,蓄能焰襲,6,6,3,10000,2987617
61.7,516,冷水猿,水,,-,-,-,-,-,-,-,-,2497,175.9,124,162,49.5,水槍,衝浪,咬碎,15,15,3,50000,3534115
61.7,185,樹才怪,岩石,,-,-,暗影,-,-,-,-,-,2428,152.9,160.5,157,50,雙倍奉還,流星光束,岩石封鎖,10,9,5,75000,3853658
61.6,59,風速狗,火,,-,-,-,-,-,-,-,-,2500,170.4,132.1,163,31,大聲咆哮,咬碎,噴射火焰,4,5,3,50000,3668546
61.6,573,奇諾栗鼠,一般,,-,-,-,-,-,-,-,-,2496,176.8,121.5,164,49.5,撒嬌,水流尾,十萬伏特,5,7,3,50000,3521915
61.6,873,雪絨蛾,冰,蟲,-,-,-,-,-,-,-,-,2498,181.6,131.2,144,37.5,細雪,冰凍光束,蟲鳴,7,8,5,75000,3429740
61.6,284,雨翅蛾,蟲,飛行,-,-,-,-,-,-,-,-,2492,170.4,137,156,49,死纏爛打,空氣利刃,銀色旋風,3,4,1,10000,3641528
61.4,703,小碎鑽,岩石,妖精,-,-,-,-,-,-,-,-,1658,92.4,252.1,127,50,落石,岩崩,月亮之力,9,12,5,75000,2959282
61.2,617,敏捷蟲,蟲,,-,-,暗影,-,-,-,-,-,2499,184.3,110.1,167,45,飛水手裡劍,能量球*,蟲鳴,4,5,3,50000,3386831
61.2,259,沼躍魚,水,地面,-,-,暗影,-,-,-,-,-,2008,143.7,124.4,157,50,泥巴射擊,衝浪,污泥攻擊,5,5,3,10000,2805603
61.2,112,鑽角犀獸,地面,岩石,-,-,-,-,-,-,-,-,2500,162.6,133.1,177,29,擲泥,尖石攻擊,地震,6,7,3,50000,3829951
61.1,567,始祖大鳥,岩石,飛行,-,-,-,-,-,-,-,-,2499,207.4,105.8,137,27.5,翅膀攻擊,原始之力,咬碎,6,6,5,75000,3005098
61.1,836,逐電犬,電,,-,-,-,-,-,-,-,-,2460,178.1,122.7,155,50,電光,咬碎,打雷,7,9,1,50000,3387577
60.9,561,象徵鳥,超能力,飛行,-,-,-,-,-,-,-,-,2494,167.5,145,153,43,空氣斬,空氣利刃,原始之力,4,5,5,75000,3714862
60.8,569,灰塵山,毒,,-,-,暗影,-,-,-,-,-,2499,159.8,145.7,168,47.5,死纏爛打,泰山壓頂,種子炸彈,3,4,3,50000,3910516
60.8,741,花舞鳥,幽靈,飛行,-,-,-,-,輕盈輕盈,-,-,-,2496,171.7,132,160,47,空氣斬,空氣利刃,暴風,4,7,3,75000,3626828
60.7,482,亞克諾姆,超能力,,-,-,-,-,-,-,-,-,2496,197.5,114.8,139,28.5,念力,高速星星,預知未來,3,5,20,100000,3152866
60.7,229,黑魯加,惡,火,-,-,-,Mega,-,-,-,-,2499,191.7,134.7,126,23.5,大聲咆哮,欺詐,噴射火焰,4,5,3,50000,3253222
60.6,628,勇士雄鷹,超能力,飛行,洗翠,-,-,-,-,-,-,-,2500,166.5,114.3,197,36,空氣斬,勇鳥猛攻,飛翔,7,5,5,75000,3751048
60.5,970,晶光花,岩石,毒,-,-,-,-,-,-,-,-,2499,177.4,135,147,28,落石,流星光束,岩崩,12,9,3,50000,3521446
60.4,206,土龍弟弟,一般,,-,-,-,-,-,-,-,-,1909,122.7,120.2,201,50,滾動,直衝鑽,岩崩,4,4,3,50000,2963150
60.4,569,灰塵山,毒,,-,-,-,-,-,-,-,-,2499,159.8,145.7,168,47.5,死纏爛打,泰山壓頂,種子炸彈,3,4,3,50000,3910516
60.3,227,盔甲鳥,鋼,飛行,-,-,-,Mega,-,-,-,-,2499,183.2,160,116,24.5,空氣斬,勇鳥猛攻,神鳥猛擊,7,6,5,75000,3399728
60.2,471,冰伊布,冰,,-,-,-,-,-,-,-,-,2498,175.6,156.7,129,29.5,冰礫,雪崩,水之波動*,5,5,5,75000,3549966
60.2,200,夢妖,幽靈,,-,-,-,-,-,-,-,-,2178,152.9,142,142,50,驚嚇,影子偷襲,惡之波動,5,5,3,50000,3084006
60.2,741,花舞鳥,超能力,飛行,呼拉呼拉,-,-,-,-,-,-,-,2496,171.7,132,160,47,空氣斬,空氣利刃,暴風,4,7,3,75000,3626828
60,586,萌芽鹿,一般,草,-,-,-,-,-,-,-,-,2498,167.7,133.7,166,48,出奇一擊,瘋狂伏特,起草,8,8,3,50000,3721820
59.9,259,沼躍魚,水,地面,-,-,-,-,-,-,-,-,2008,143.7,124.4,157,50,泥巴射擊,衝浪,污泥攻擊,5,5,3,10000,2805603
59.2,531,差不多娃娃,一般,妖精,-,-,-,Mega,-,-,-,-,2498,123.1,206.3,199,45,意念頭錘,魅惑之聲,破壞光線,8,14,3,50000,5053420
59.1,59,風速狗,火,岩石,洗翠,-,-,-,-,-,-,-,2500,171.2,130.6,163,29.5,大聲咆哮,岩崩,咬碎,4,4,3,50000,3645335
59.1,184,瑪力露麗,水,妖精,-,-,-,-,-,-,-,-,1795,106.7,140.3,201,50,泡沫,嬉鬧,冰凍光束,6,5,3,50000,3010128
59,400,大尾狸,一般,水,-,-,暗影,-,-,-,-,-,2061,148.7,112.6,170,50,滾動,衝浪,必殺門牙,4,4,1,10000,2847054
59,200,夢妖,幽靈,,-,-,暗影,-,-,-,-,-,2178,152.9,142,142,50,驚嚇,影子偷襲,惡之波動,5,5,3,50000,3084006
59,521,高傲雉雞,一般,飛行,-,-,-,-,-,-,-,-,2497,177.8,124.5,158,37,空氣斬,神鳥猛擊,熱風,6,5,1,10000,3497674
58.9,749,泥驢仔,地面,,-,-,-,-,-,-,-,-,2139,159.7,114.3,157,50,擲泥,泰山壓頂,地震,4,7,3,50000,2864580
58.9,413,結草貴婦,蟲,草,-,-,-,-,草木,-,-,-,2005,131.1,163.9,142,50,突襲,能量球,蟲鳴,7,9,1,10000,3050116
58.8,491,達克萊伊,惡,,-,-,暗影,-,-,-,-,-,2484,193.1,136.8,121,24,大聲咆哮,暗影球,惡之波動,4,4,20,100000,3195123
58.6,24,阿柏怪,毒,,-,-,-,-,-,-,-,-,2171,152.9,141.2,142,50,溶解液,惡之波動,污泥波,7,9,3,50000,3065757
58.5,804,四顎針龍,毒,龍,-,-,-,-,-,-,-,-,2496,192.1,122.3,138,29,毒擊,龍爪,污泥炸彈,8,8,20,100000,3241746
58.4,830,白蓬蓬,草,,-,-,-,-,-,-,-,-,2255,137,189.9,142,50,種子機關槍,能量球,打草結,4,4,3,50000,3693628
58.4,122,魔牆人偶,冰,超能力,伽勒爾,-,-,-,-,-,-,-,2338,166.4,154.6,127,50,念力,冰凍拳,三旋擊,3,4,5,75000,3267048
58.1,112,鑽角犀獸,地面,岩石,-,-,暗影,-,-,-,-,-,2500,162.6,133.1,177,29,擲泥,尖石攻擊,地震,6,7,3,50000,3829951
57.9,492,謝米,草,飛行,-,-,-,-,天空,-,-,-,2494,178.8,120.8,161,25.5,魔法葉,能量球,打草結,5,5,20,100000,3475315
57.7,400,大尾狸,一般,水,-,-,-,-,-,-,-,-,2061,148.7,112.6,170,50,滾動,衝浪,必殺門牙,4,4,1,10000,2847054
57.7,719,蒂安希,岩石,妖精,-,-,-,Mega,-,-,-,-,2488,212.9,150.6,90,20.5,落石,岩崩,月亮之力,9,12,20,100000,2885639
57.6,76,隆隆岩,岩石,地面,-,-,暗影,-,-,-,-,-,2499,160.6,159.1,152,32.5,擲泥,尖石攻擊,地震,6,7,1,10000,3881936
57.4,491,達克萊伊,惡,,-,-,-,-,-,-,-,-,2484,193.1,136.8,121,24,大聲咆哮,暗影球,惡之波動,4,4,20,100000,3195123
57.2,521,高傲雉雞,一般,飛行,-,-,暗影,-,-,-,-,-,2497,177.8,124.5,158,37,空氣斬,神鳥猛擊,熱風,6,5,1,10000,3497674
56.9,693,鋼炮臂蝦,水,,-,-,-,-,-,-,-,-,2495,173.4,142.7,145,36,水槍,蟹鉗錘,冰凍光束,17,19,3,50000,3589465
56.8,525,地幔岩,岩石,,-,-,-,-,-,-,-,-,2293,158.8,132.8,157,50,擲泥,岩崩,重踏,5,5,3,50000,3310452
56.8,234,驚角鹿,一般,,-,-,-,-,-,-,-,-,2447,173.9,122.7,161,50,撞擊,瘋狂伏特,踩踏,15,14,3,50000,3435721
55.9,876,愛管侍,超能力,一般,-,-,-,-,-,雄,-,-,2496,174.4,147.3,139,46.5,神通力,暗影球,精神強念,5,6,3,50000,3571053
55.9,556,沙鈴仙人掌,草,,-,-,-,-,-,-,-,-,2498,177.9,121.1,162,49,毒擊,燕返,落英繽紛,7,10,1,10000,3490982
55.6,411,護城龍,岩石,鋼,-,-,-,-,-,-,-,-,1741,91.6,252.9,142,50,擊落,尖石攻擊,噴射火焰,7,7,5,75000,3289653
55.6,775,樹枕尾熊,一般,,-,-,-,-,-,-,-,-,2499,175.5,143.6,141,41.5,滾動,以牙還牙,嬉鬧,5,5,3,50000,3553912
55.6,432,東施喵,一般,,-,-,-,-,-,-,-,-,2208,157.1,124.4,158,50,暗影爪,燕返,打雷,6,8,3,50000,3087658
55.6,192,向日花怪,草,,-,-,-,-,-,-,-,-,2421,168.1,126,164,50,種子機關槍,污泥炸彈,飛葉風暴,4,5,3,50000,3474032
55.5,637,火神蛾,蟲,火,-,-,-,-,-,-,-,-,2495,179.7,135.6,142,25,火焰旋渦,過熱,暴風,6,6,5,75000,3459424
55.3,729,花漾海獅,水,,-,-,-,-,-,-,-,-,2131,153.8,134.4,142,50,水槍,水流噴射,魅惑之聲,14,15,3,10000,2935812
55.3,117,海刺龍,水,,-,-,-,-,-,-,-,-,2366,169.7,143.7,135,50,龍息,龍之波動,水炮,14,19,3,50000,3292684
55.1,75,隆隆石,岩石,地面,-,-,-,-,-,-,-,-,2145,150.4,150.4,135,50,擲泥,岩崩*,挖洞,5,5,1,10000,3054278
55,432,東施喵,一般,,-,-,暗影,-,-,-,-,-,2208,157.1,124.4,158,50,暗影爪,燕返,打雷,6,8,3,50000,3087658
54.9,720,胡帕,超能力,幽靈,-,-,-,-,-,-,-,-,2500,185.6,141.5,128,27.5,念力,暗影球,精神強念,4,4,20,100000,3362611
54.9,234,驚角鹿,一般,,-,-,暗影,-,-,-,-,-,2447,173.9,122.7,161,50,撞擊,瘋狂伏特,踩踏,15,14,3,50000,3435721
54.9,413,結草貴婦,蟲,地面,-,-,-,-,砂土,-,-,-,2005,131.1,163.9,142,50,突襲,蟲鳴,重踏,9,7,1,10000,3050116
54.4,75,隆隆石,岩石,地面,-,-,暗影,-,-,-,-,-,2145,150.4,150.4,135,50,擲泥,岩崩*,挖洞,5,5,1,10000,3054278
54.1,359,阿勃梭魯,惡,,-,-,-,Mega,-,-,-,-,2498,222.8,100.9,124,27.5,精神利刃,惡之波動,超級角擊,6,7,5,75000,2786639
54.1,24,阿柏怪,毒,,-,-,暗影,-,-,-,-,-,2171,152.9,141.2,142,50,溶解液,惡之波動,污泥波,7,9,3,50000,3065757
54,368,櫻花魚,水,,-,-,-,-,-,-,-,-,2494,174.2,157.2,130,44,念力,水之波動,精神強念,4,4,3,50000,3560207
53.8,720,胡帕,超能力,幽靈,-,-,-,-,-,-,-,-,2487,187.1,137.5,128,26.5,念力,暗影球,精神強念,4,4,20,100000,3292971
53.8,409,戰槌龍,岩石,,-,-,暗影,-,-,-,-,-,2494,209.5,86.9,163,27.5,擊落,岩崩,噴射火焰,6,7,5,75000,2965855
53.5,411,護城龍,岩石,鋼,-,-,暗影,-,-,-,-,-,1741,91.6,252.9,142,50,擊落,尖石攻擊,噴射火焰,7,7,5,75000,3289653
53.4,525,地幔岩,岩石,,-,-,暗影,-,-,-,-,-,2293,158.8,132.8,157,50,擲泥,岩崩,重踏,5,5,3,50000,3310452
53.3,474,多邊獸Ｚ,一般,,-,-,-,-,-,-,-,-,2500,190.2,115.9,149,28,鎖定,三重攻擊*,暴風雪,10,15,3,50000,3284573
52.1,818,千面避役,水,,-,-,-,-,-,-,-,-,2497,197.8,114.5,139,32,水槍,衝浪,暗影球,15,17,3,10000,3150048
52.1,20,拉達,惡,一般,阿羅拉,-,暗影,-,-,-,-,-,1927,126,142,164,50,電光一閃,咬碎,必殺門牙,6,7,1,10000,2935557
51.7,20,拉達,惡,一般,阿羅拉,-,-,-,-,-,-,-,1927,126,142,164,50,電光一閃,咬碎,必殺門牙,6,7,1,10000,2935557
50.8,388,樹林龜,草,,-,-,暗影,-,-,-,-,-,2137,144.5,132.8,164,50,飛葉快刀,能量球,泰山壓頂,12,9,3,10000,3147010
50.4,421,櫻花兒,草,,-,-,-,-,花苞,-,-,-,2315,155.5,141.2,157,50,種子機關槍,魔法閃耀,日光束,5,7,1,10000,3445477
50.1,474,多邊獸Ｚ,一般,,-,-,暗影,-,-,-,-,-,2500,190.2,115.9,149,28,鎖定,三重攻擊*,暴風雪,10,15,3,50000,3284573
49.3,388,樹林龜,草,,-,-,-,-,-,-,-,-,2137,144.5,132.8,164,50,飛葉快刀,能量球,泰山壓頂,12,9,3,10000,3147010
49.2,117,海刺龍,水,,-,-,暗影,-,-,-,-,-,2366,169.7,143.7,135,50,龍息,龍之波動,水炮,14,19,3,50000,3292684
49.1,735,貓鼬探長,一般,,-,-,-,-,-,-,-,-,2470,175.6,107.6,184,50,咬住,岩石封鎖,咬碎,25,23,1,10000,3475704
49.1,720,胡帕,超能力,惡,-,解放,-,-,-,-,-,-,2473,201.1,129.1,117,22,念力,暗影球,惡之波動,4,4,20,100000,3037339
47.1,409,戰槌龍,岩石,,-,-,-,-,-,-,-,-,2494,209.5,86.9,163,27.5,擊落,岩崩,噴射火焰,6,7,5,75000,2965855
45.2,549,裙兒小姐,草,,-,-,-,-,-,-,-,-,2498,175,136.5,149,42.5,撒嬌,落英繽紛,破壞光線,9,10,1,10000,3558858
44.8,811,啪咚猴,草,,-,-,-,-,-,-,-,-,2121,151.3,125.2,157,50,飛葉快刀,能量球,打草結,12,13,3,10000,2973221
44.8,641,龍捲雲,飛行,,-,化身,-,-,-,-,-,-,2490,189.8,124.7,138,27.5,空氣斬,暴風,打草結,7,6,20,100000,3266915
44.2,641,龍捲雲,飛行,,-,化身,暗影,-,-,-,-,-,2490,189.8,124.7,138,27.5,空氣斬,暴風,打草結,7,6,20,100000,3266915
43.8,386,代歐奇希斯,超能力,,-,-,-,-,速度,-,-,-,2492,180,169.6,113,32,充電光束,精神突進,高速星星,4,4,20,100000,3449282
42.9,314,甜甜螢,蟲,,-,-,-,-,-,-,-,-,2002,132.8,152.1,149,50,撞擊,銀色旋風,魔法閃耀,15,19,3,50000,3008782
40.1,486,雷吉奇卡斯,一般,,-,-,-,-,-,-,-,-,2490,178.1,135.9,143,21,覺醒力量 冰,捏碎*,打雷,7,8,20,100000,3461848
35.9,486,雷吉奇卡斯,一般,,-,-,暗影,-,-,-,-,-,2491,181.8,132.8,141,21,覺醒力量 冰,捏碎*,打雷,7,8,20,100000,3405347
35.5,313,電螢蟲,蟲,,-,-,-,-,-,-,-,-,2002,132.8,152.1,149,50,撞擊,十萬伏特,蟲鳴,19,20,3,50000,3008782
30.5,492,謝米,草,,-,-,-,-,陸上,-,-,-,2496,152.6,158.3,169,28.5,意念頭錘,打草結,種子閃光*,9,13,20,100000,4083556
29.3,531,差不多娃娃,一般,,-,-,-,-,-,-,-,-,1902,108.4,149.6,205,50,意念頭錘,泰山壓頂*,魅惑之聲,6,8,3,50000,3323780
25.1,113,吉利蛋,一般,,-,-,-,-,-,-,-,-,1418,63,120.2,421,50,意念頭錘,魔法閃耀,精神強念,10,10,5,75000,3188219
18,289,請假王,一般,,-,-,-,-,-,-,-,-,2499,178.4,108.9,180,20.5,哈欠,泰山壓頂*,地震,3,6,5,75000,3496428
16.9,289,請假王,一般,,-,-,暗影,-,-,-,-,-,2499,178.4,108.9,180,20.5,哈欠,泰山壓頂*,地震,3,6,5,75000,3496428
